PKD_Code,Industry_Name,Klasyfikacja,Lending Opp (2026),Stability (Now),Stability (2026),Transformation (Now),Transformation (2026),Est. Revenue,Est. Growth,Est. Risk %
23.62,Produkcja wyrob√≥w budowlanych z gipsu,üõ°Ô∏è Bezpieczne Przystanie,76.38271753781135,70.29021750586847,87.70717479690889,52.629999999999995,53.24961904761949,1347.4435112782085,0.17656098388351182,0.0
58.29,Dzia≈Çalno≈õƒá wydawnicza w zakresie pozosta≈Çego oprogramowania,‚ö†Ô∏è Wysokie Ryzyko (2026),74.35128211197505,76.02698268809796,66.68158365831634,66.53,69.1966216216213,2833.5253972125356,,4.2007959781939235
10.81,Produkcja cukru,üõ°Ô∏è Bezpieczne Przystanie,73.74231193163473,40.57497919198649,84.15021807912748,52.629999999999995,53.24961904761949,8018.4187894737115,0.1279460440515514,0.0
66.11,ZarzƒÖdzanie rynkami finansowymi,‚ö†Ô∏è Wysokie Ryzyko (2026),73.47808500529395,80.46513122662127,76.33730775132919,56.54,57.357904761905665,802.1167162647616,,10.359158542843034
58.21,Dzia≈Çalno≈õƒá wydawnicza w zakresie gier komputerowych,‚ö†Ô∏è Wysokie Ryzyko (2026),73.02013268654747,58.82821888800754,63.35371009474737,66.53,69.1966216216213,2183.5425296167377,,17.620150145600746
38.22,Przetwarzanie i unieszkodliwianie odpad√≥w niebezpiecznych,üõ°Ô∏è Bezpieczne Przystanie,72.4638026338963,90.90702077701421,89.23016499922004,50.17,50.21485714285716,1535.504917293234,0.1338043898938277,0.7721970367094428
43.12,Przygotowanie terenu pod budowƒô,‚ö†Ô∏è Wysokie Ryzyko (2026),70.46896847268161,73.64183098368365,59.21138732010864,78.41,83.44390476190951,577.666401278977,,4.1377745852652765
52.22,Dzia≈Çalno≈õƒá us≈Çugowa wspomagajƒÖca transport wodny,üõ°Ô∏è Bezpieczne Przystanie,69.57450918474133,85.97106933299806,67.63804319313336,55.25,56.34495238095318,2404.6683636363014,,1.724386724386818
42.13,Roboty zwiƒÖzane z budowƒÖ most√≥w i tuneli,üåü Liderzy Przysz≈Ço≈õci,69.51497519425152,48.31449007642297,65.56013197977974,78.41,83.44390476190951,5276.639030075225,0.10325151138861166,1.4033787973002916
52.24,Prze≈Çadunek towar√≥w,‚ö†Ô∏è Wysokie Ryzyko (2026),69.35531896157994,59.072803324432144,76.05011245860116,55.25,56.34495238095318,4015.510323308292,0.09713444259183346,3.0160275771975193
63.91,Dzia≈Çalno≈õƒá agencji informacyjnych,üåü Liderzy Przysz≈Ço≈õci,69.34044307914192,41.6983344011759,54.21206007880278,66.53,69.13904761905201,674.5108716707255,,0.0
62.01,Dzia≈Çalno≈õƒá zwiƒÖzana z oprogramowaniem,üåü Liderzy Przysz≈Ço≈õci,68.27891109759919,63.00150777994092,73.4907571635172,66.53,69.13904761905201,51858.39061654173,0.19386962882452252,2.3336644128855824
43.34,Malowanie i szklenie,‚ö†Ô∏è Wysokie Ryzyko (2026),67.83144922906237,80.90423095937614,57.776957634559764,78.41,83.44390476190951,147.99596491228112,,17.407407407407845
03.22,Ch√≥w i hodowla ryb oraz pozosta≈Çych organizm√≥w wodnych w wodach ≈õr√≥dlƒÖdowych,üõ°Ô∏è Bezpieczne Przystanie,67.14082357341653,62.116579550666565,65.7586303621126,51.739999999999995,52.09342857142873,334.8500028843482,,1.4527182215385324
86.23,Praktyka lekarska dentystyczna,‚ö†Ô∏è Wysokie Ryzyko (2026),67.0177643934064,78.89811148234955,72.42590793754292,50.0,50.0,959.315721804538,0.3150550212114638,6.734546480597146
90.01,Dzia≈Çalno≈õƒá zwiƒÖzana z wystawianiem przedstawie≈Ñ artystycznych,‚ö†Ô∏è Wysokie Ryzyko (2026),66.58160261713573,55.190346103328245,66.45400654283932,50.0,50.0,131.49663265305935,,50.16581632653106
52.23,Dzia≈Çalno≈õƒá us≈Çugowa wspomagajƒÖca transport lotniczy,üîπ Neutralne,65.9799649844008,73.00087697004226,58.604960080048805,55.25,56.34495238095318,6409.541293233109,0.1472936666253375,0.34539473684212396
14.12,Produkcja odzie≈ºy roboczej,üõ°Ô∏è Bezpieczne Przystanie,65.85189846172477,60.162522773994,77.53687048355299,52.629999999999995,53.24961904761949,2252.4920375940274,0.16434142991325373,2.349864819989648
66.29,Pozosta≈Ça dzia≈Çalno≈õƒá wspomagajƒÖca ubezpieczenia i fundusze emerytalne,‚ö†Ô∏è Wysokie Ryzyko (2026),65.53127929234748,76.5440883737982,56.42941444708498,56.54,57.39878378378373,709.5878597122392,,5.477332419778577
85.31,"Gimnazja, licea og√≥lnokszta≈ÇcƒÖce i profilowane",üîπ Neutralne,64.3975239405238,78.79145520810991,60.99380985130948,50.0,50.0,183.27991915422172,,0.8094095847293801
43.32,Zak≈Çadanie stolarki budowlanej,‚ö†Ô∏è Wysokie Ryzyko (2026),64.28055366677012,40.74448352944508,58.274000702184736,78.41,83.44390476190951,754.9921954887195,0.06871142444423661,8.261275485305305
42.99,"Roboty zwiƒÖzane z budowƒÖ pozosta≈Çych obiekt√≥w in≈ºynierii lƒÖdowej i wodnej, gdzie indziej niesklasyfikowane",‚ö†Ô∏è Wysokie Ryzyko (2026),64.23047636791452,46.805607681517564,60.788745928339175,78.41,83.44390476190951,6826.514202380902,,2.512792322521534
27.52,Produkcja nieelektrycznego sprzƒôtu gospodarstwa domowego,üõ°Ô∏è Bezpieczne Przystanie,63.72733322700052,67.44736656917111,75.80883662346783,52.629999999999995,53.24961904761949,455.0060977443609,0.36273074195498367,0.0
52.21,Dzia≈Çalno≈õƒá us≈Çugowa wspomagajƒÖca transport lƒÖdowy,‚ö†Ô∏è Wysokie Ryzyko (2026),62.86820341142406,40.05861691664485,50.82555614760695,55.25,56.34495238095318,27118.081393940374,,3.879609654144133
42.21,Roboty zwiƒÖzane z budowƒÖ rurociƒÖg√≥w przesy≈Çowych i sieci rozdzielczych,üåü Liderzy Przysz≈Ço≈õci,62.80231557139424,45.163323078753734,56.83593988080096,78.41,83.44390476190951,7285.823360902257,0.0366874085406339,2.049448269594734
42.11,Roboty zwiƒÖzane z budowƒÖ dr√≥g i autostrad,üåü Liderzy Przysz≈Ço≈õci,62.79240472297142,50.96004682556009,53.38666331701432,78.41,83.44390476190951,50890.87675939826,0.020460236519470598,1.9310659108595019
63.12,Dzia≈Çalno≈õƒá portali internetowych,‚ö†Ô∏è Wysokie Ryzyko (2026),62.69049334377554,76.40147765687661,55.46770982638244,66.53,69.13904761905201,16055.03700754745,,14.368766927007528
42.12,Roboty zwiƒÖzane z budowƒÖ dr√≥g szynowych i kolei podziemnej,‚ö†Ô∏è Wysokie Ryzyko (2026),62.29238006364358,73.23053585188617,54.20068846334426,78.41,83.44390476190951,12634.133909774479,0.057676544831391396,2.6219347902450636
90.02,Dzia≈Çalno≈õƒá wspomagajƒÖca wystawianie przedstawie≈Ñ artystycznych,‚ö†Ô∏è Wysokie Ryzyko (2026),62.06333895416301,73.92958975851033,55.15834738540752,50.0,50.0,394.97724547159305,,52.58677612206702
08.11,"Wydobywanie kamieni ozdobnych oraz kamienia dla potrzeb budownictwa, ska≈Ç wapiennych, gipsu, kredy i ≈Çupk√≥w",üõ°Ô∏è Bezpieczne Przystanie,61.50819320258282,77.86250459602927,71.9896000682114,54.94,56.596285714286786,5754.850954887224,0.12721145354078,1.24182739457342
43.29,Wykonywanie pozosta≈Çych instalacji budowlanych,‚ö†Ô∏è Wysokie Ryzyko (2026),60.880276392546875,51.05046772410442,54.96791525386775,78.41,84.45813559322269,4199.192641668604,,3.1318488359774506
91.03,Dzia≈Çalno≈õƒá historycznych miejsc i budynk√≥w oraz podobnych atrakcji turystycznych,‚ö†Ô∏è Wysokie Ryzyko (2026),60.66017759604552,64.04078293185945,51.6504439901138,50.0,50.0,512.6344586466221,-0.0059676153382959285,5.609604368063287
86.22,Praktyka lekarska specjalistyczna,‚ö†Ô∏è Wysokie Ryzyko (2026),60.58080511599473,71.77425321144196,69.64266166077657,50.0,50.0,6368.249233082635,0.12397967690858147,3.084786942595997
86.21,Praktyka lekarska og√≥lna,üõ°Ô∏è Bezpieczne Przystanie,60.52302822617054,74.72937793075292,69.08450390534068,50.0,50.0,10982.714556390769,0.08888263484081804,0.7120467346673252
38.12,Zbieranie odpad√≥w niebezpiecznych,üõ°Ô∏è Bezpieczne Przystanie,60.50149863987727,72.28107603926503,75.17284902048067,50.17,50.21485714285716,378.6921758241806,,0.0
43.22,"Wykonywanie instalacji wodno-kanalizacyjnych, cieplnych, gazowych i klimatyzacyjnych",‚ö†Ô∏è Wysokie Ryzyko (2026),60.35015751151378,39.23038452970908,52.19199239968012,78.41,83.44390476190951,12655.985796992667,0.025592315868644633,4.324402811410323
43.33,Posadzkarstwo; tapetowanie i oblicowywanie ≈õcian,‚ö†Ô∏è Wysokie Ryzyko (2026),60.31720134610506,55.413757108810366,57.230648301709806,78.41,83.44390476190951,699.3506842105198,0.03683890739192819,14.021225071806384
01.41,Ch√≥w i hodowla byd≈Ça mlecznego,‚ö†Ô∏è Wysokie Ryzyko (2026),60.2795518006517,50.7629391257405,59.16122650512604,51.739999999999995,52.09342857142873,1162.708255639096,0.03740254019814149,14.026493140741877
16.24,Produkcja opakowa≈Ñ drewnianych,üõ°Ô∏è Bezpieczne Przystanie,60.27572519172608,39.19553299020866,67.89250331219337,52.629999999999995,53.24961904761949,4555.576877673331,,1.2065818074622143
28.15,"Produkcja ≈Ço≈ºysk, k√≥≈Ç zƒôbatych, przek≈Çadni zƒôbatych i element√≥w napƒôdowych",üõ°Ô∏è Bezpieczne Przystanie,60.235493704173976,34.30359004028641,71.04174815520882,52.629999999999995,53.24961904761949,7249.495473684161,0.14382683707875543,0.35305655442955697
43.21,Wykonywanie instalacji elektrycznych,‚ö†Ô∏è Wysokie Ryzyko (2026),60.130192311662064,35.94543005299353,52.32249392425105,78.41,84.45813559322269,11784.509909573011,,6.847641363061825
62.09,Pozosta≈Ça dzia≈Çalno≈õƒá us≈Çugowa w zakresie technologii informatycznych i komputerowych,‚ö†Ô∏è Wysokie Ryzyko (2026),60.024007764439645,56.56749950003521,58.951382128453425,66.53,69.13904761905201,17322.894353383454,0.1162592930316455,2.6202317459536175
42.22,Roboty zwiƒÖzane z budowƒÖ linii telekomunikacyjnych i elektroenergetycznych,üåü Liderzy Przysz≈Ço≈õci,59.48352396831409,51.699512989967054,55.08908976126787,78.41,83.44390476190951,10552.129499999923,,2.0912253923960407
23.51,Produkcja cementu,üõ°Ô∏è Bezpieczne Przystanie,58.440308503446126,83.15709874559943,74.1001377109848,52.629999999999995,53.24961904761949,10151.30677443603,0.08181739840181157,0.8502024291498316
23.91,Produkcja wyrob√≥w ≈õciernych,üõ°Ô∏è Bezpieczne Przystanie,58.263960352937985,47.129977364598666,70.79615349602057,52.629999999999995,53.24961904761949,1771.1354812030331,0.06280714012348332,0.0
58.11,Wydawanie ksiƒÖ≈ºek,üåü Liderzy Przysz≈Ço≈õci,58.255685733065846,64.35668952321029,59.02411434682059,66.53,69.13904761905201,3399.858052631571,0.018308402239551214,1.9536681345713305
20.52,Produkcja klej√≥w,üõ°Ô∏è Bezpieczne Przystanie,58.199116451376234,61.7501815503664,67.87788533819436,52.629999999999995,53.24961904761949,2887.790052631637,0.08124378451270924,0.6727344677483131
20.51,Produkcja materia≈Ç√≥w wybuchowych,üîπ Neutralne,58.003132224576866,75.36154223330259,63.9101038878802,52.629999999999995,53.24961904761949,1082.4097727272601,,0.0
68.32,ZarzƒÖdzanie nieruchomo≈õciami wykonywane na zlecenie,üõ°Ô∏è Bezpieczne Przystanie,57.84699933569915,63.29583226741846,67.31812900642959,50.11,50.11676190476193,26812.908428571536,0.06467894373044025,0.2707795018346104
23.52,Produkcja wapna i gipsu,üõ°Ô∏è Bezpieczne Przystanie,57.78335124270592,88.66572078978628,68.23485709439352,52.629999999999995,53.24961904761949,1810.7314962405944,0.08060055991056636,0.0
10.83,Przetw√≥rstwo herbaty i kawy,üõ°Ô∏è Bezpieczne Przystanie,57.555865594795776,66.583620873777,68.62080796120142,52.629999999999995,53.24961904761949,5485.045421052666,0.0962086352370557,1.7404622667781098
46.62,Sprzeda≈º hurtowa obrabiarek,‚ö†Ô∏è Wysokie Ryzyko (2026),57.09044576587201,37.84574108690117,63.29098693681862,50.54,50.56514285714291,1479.8988796992926,0.11107747862158135,2.7816078658185006
72.19,Badania naukowe i prace rozwojowe w dziedzinie pozosta≈Çych nauk przyrodniczych i technicznych,üîπ Neutralne,57.03354069934332,59.84444463996748,52.874124123343556,50.75999999999999,50.78885714285727,19488.50895952829,,2.337858460037012
47.79,Sprzeda≈º detaliczna artyku≈Ç√≥w u≈ºywanych prowadzona w wyspecjalizowanych sklepach,‚ö†Ô∏è Wysokie Ryzyko (2026),56.691209091344454,78.70043356370822,72.85751043688441,50.54,50.56514285714291,469.4423609022633,0.11825773721650634,3.627225177568448
66.22,Dzia≈Çalno≈õƒá agent√≥w i broker√≥w ubezpieczeniowych,‚ö†Ô∏è Wysokie Ryzyko (2026),56.432855053299726,69.13052668533248,64.5739845699116,56.54,57.357904761905665,7604.591428571497,0.10202060329307017,4.289464700490498
38.21,Obr√≥bka i usuwanie odpad√≥w innych ni≈º niebezpieczne,üõ°Ô∏è Bezpieczne Przystanie,56.296367144586114,65.42474927216637,68.6828385797975,50.17,50.21485714285716,7941.103699248168,0.14513472599257016,1.5621760890588234
28.25,Produkcja przemys≈Çowych urzƒÖdze≈Ñ ch≈Çodniczych i wentylacyjnych,üõ°Ô∏è Bezpieczne Przystanie,56.14401521349779,67.71742399727815,72.85829038726557,52.629999999999995,53.24961904761949,6440.256353383476,0.1788578063392432,0.8978484279255667
95.22,Naprawa i konserwacja urzƒÖdze≈Ñ gospodarstwa domowego oraz sprzƒôtu u≈ºytku domowego i ogrodniczego,üõ°Ô∏è Bezpieczne Przystanie,55.785563391208825,66.02514893406276,67.9031506511376,50.0,50.0,207.83400739828357,,0.0
43.99,"Pozosta≈Çe specjalistyczne roboty budowlane, gdzie indziej niesklasyfikowane",‚ö†Ô∏è Wysokie Ryzyko (2026),55.466230427495994,47.420132684733154,43.908118830688224,78.41,83.44390476190951,12541.066097744391,-0.013554380992864878,3.156859935511477
08.12,Wydobywanie ≈ºwiru i piasku; wydobywanie gliny i kaolinu,üîπ Neutralne,55.324495267664894,75.14561520729177,59.43860793623475,54.94,56.596285714286786,3622.6083759398316,0.020508798047737642,1.1163132829229028
47.74,"Sprzeda≈º detaliczna wyrob√≥w medycznych, w≈ÇƒÖczajƒÖc ortopedyczne, prowadzona w wyspecjalizowanych sklepach",üõ°Ô∏è Bezpieczne Przystanie,55.13813680432325,68.09829668951136,67.12850408255082,50.54,50.56514285714291,3634.010586466233,0.12539168873379358,1.811735466366656
01.11,"Uprawa zb√≥≈º, ro≈õlin strƒÖczkowych i ro≈õlin oleistych na nasiona, z wy≈ÇƒÖczeniem ry≈ºu",‚ö†Ô∏è Wysokie Ryzyko (2026),55.12293400247317,40.10014511120244,61.3015619736234,51.739999999999995,52.09342857142873,4960.201052631543,0.07772380197417461,6.710180611129999
47.24,"Sprzeda≈º detaliczna pieczywa, ciast, wyrob√≥w ciastkarskich i cukierniczych prowadzona w wyspecjalizowanych sklepach",‚ö†Ô∏è Wysokie Ryzyko (2026),54.96483831198851,68.7390012407899,71.6522619046739,50.54,50.56514285714291,777.4814360902237,0.1834046623297345,2.558680170632897
49.31,"Transport lƒÖdowy pasa≈ºerski, miejski i podmiejski",üîπ Neutralne,54.95560261029832,56.22442627750015,52.153089563240385,55.25,56.34495238095318,15850.48883458646,0.10400449877524309,1.5759150461048534
10.52,Produkcja lod√≥w,‚ö†Ô∏è Wysokie Ryzyko (2026),54.70039734327914,77.21689899933253,69.51798518910603,52.629999999999995,53.24961904761949,3016.5251654135063,0.19645951954258578,5.469491035280612
38.11,Zbieranie odpad√≥w innych ni≈º niebezpieczne,üõ°Ô∏è Bezpieczne Przystanie,54.620459394995514,76.93519036292267,65.05742466212381,50.17,50.21485714285716,21227.026637362782,,0.8471278316376072
66.19,"Pozosta≈Ça dzia≈Çalno≈õƒá wspomagajƒÖca us≈Çugi finansowe, z wy≈ÇƒÖczeniem ubezpiecze≈Ñ i fundusz√≥w emerytalnych",‚ö†Ô∏è Wysokie Ryzyko (2026),54.20089063047993,71.44060120113048,52.75677110797673,56.54,57.357904761905665,12572.641277578427,,5.881217512104513
30.12,Produkcja ≈Çodzi wycieczkowych i sportowych,‚ö†Ô∏è Wysokie Ryzyko (2026),54.19822975400561,36.81951906434009,67.56608465256961,52.629999999999995,53.24961904761949,4144.239398496284,0.21212236905952864,3.16751279909181
10.71,Produkcja pieczywa; produkcja ≈õwie≈ºych wyrob√≥w ciastkarskich i ciastek,‚ö†Ô∏è Wysokie Ryzyko (2026),54.047507657339914,59.912365345358765,65.55682222947593,52.629999999999995,53.24961904761949,19126.269263158087,0.09314184417184768,2.6307613662555696
25.92,Produkcja opakowa≈Ñ z metali,üõ°Ô∏è Bezpieczne Przystanie,53.90099026164168,69.86812498939537,66.5704118809402,52.629999999999995,53.24961904761949,11266.902699248283,0.09260759246747763,0.0
46.13,Dzia≈Çalno≈õƒá agent√≥w zajmujƒÖcych siƒô sprzeda≈ºƒÖ drewna i materia≈Ç√≥w budowlanych,‚ö†Ô∏è Wysokie Ryzyko (2026),53.8402001697328,55.15222227542369,56.05210668367726,50.54,50.56514285714291,946.3484210526367,-0.027957709490525673,9.325053591230926
58.14,Wydawanie czasopism i pozosta≈Çych periodyk√≥w,‚ö†Ô∏è Wysokie Ryzyko (2026),53.56987070589176,56.74197435133823,59.21237228602059,66.53,51.42204635051256,2079.636406015008,-0.027815763444889896,2.5658981341233584
10.72,Produkcja suchar√≥w i herbatnik√≥w; produkcja konserwowanych wyrob√≥w ciastkarskich i ciastek,üõ°Ô∏è Bezpieczne Przystanie,53.5355772331602,82.1935273050243,72.56126780512761,52.629999999999995,53.24961904761949,4726.047556390986,0.15283609580526303,0.0
95.29,Naprawa pozosta≈Çych artyku≈Ç√≥w u≈ºytku osobistego i domowego,‚ö†Ô∏è Wysokie Ryzyko (2026),53.404046953805434,63.584201557369134,57.0247661551168,50.0,50.0,27.858246907078865,,15.784855663771623
63.11,Przetwarzanie danych; zarzƒÖdzanie stronami internetowymi (hosting) i podobna dzia≈Çalno≈õƒá,‚ö†Ô∏è Wysokie Ryzyko (2026),53.38157420550378,69.57175352657295,51.14461948284668,66.53,69.13904761905201,11780.797137603862,,3.575029228180256
23.11,Produkcja szk≈Ça p≈Çaskiego,‚ö†Ô∏è Wysokie Ryzyko (2026),53.26172754021338,59.62962501521274,69.9459213672264,52.629999999999995,53.24961904761949,4658.67645112786,0.20513228316098076,4.350877192982466
14.14,Produkcja bielizny,üîπ Neutralne,53.13895038466304,67.32356900517472,62.72017771389267,52.629999999999995,53.32199999999997,498.5230403674468,,0.7637907428672861
32.91,"Produkcja miote≈Ç, szczotek i pƒôdzli",üîπ Neutralne,53.04696729366523,45.84884137502046,57.14771381692352,52.629999999999995,53.24961904761949,176.65982706766954,0.012542554164731712,0.0
46.65,Sprzeda≈º hurtowa mebli biurowych,‚ö†Ô∏è Wysokie Ryzyko (2026),53.018274659996,68.42873929412583,57.06413211631851,50.54,50.56514285714291,585.3216483516517,,4.363478626636493
31.03,Produkcja materac√≥w,üîπ Neutralne,52.99452241077946,60.72668304492238,56.53526269930092,52.629999999999995,53.24961904761949,3864.296661654196,-0.0368882898579912,1.552094522019388
20.13,Produkcja pozosta≈Çych podstawowych chemikali√≥w nieorganicznych,üõ°Ô∏è Bezpieczne Przystanie,52.984966292014164,50.64791470835664,72.08051871758337,52.629999999999995,53.24961904761949,7208.996759398491,0.14904462923283024,2.014596302584465
23.99,"Produkcja pozosta≈Çych wyrob√≥w z mineralnych surowc√≥w niemetalicznych, gdzie indziej niesklasyfikowana",‚ö†Ô∏è Wysokie Ryzyko (2026),52.97011208706596,43.210577797770476,60.6354280586728,52.629999999999995,53.24961904761949,7302.845338345738,0.07345064978236798,4.016627684146101
42.91,Roboty zwiƒÖzane z budowƒÖ obiekt√≥w in≈ºynierii wodnej,‚ö†Ô∏è Wysokie Ryzyko (2026),52.90011919621965,33.90319884634842,30.471038578840233,78.41,83.44390476190951,1107.8524360902084,-0.16507362851506713,3.1447449793315627
10.89,"Produkcja pozosta≈Çych artyku≈Ç√≥w spo≈ºywczych, gdzie indziej niesklasyfikowana",üõ°Ô∏è Bezpieczne Przystanie,52.75937792878761,54.42120907503678,67.45449890200823,52.629999999999995,53.24961904761949,10272.828421052662,0.1337587462138483,2.1818249608829205
46.37,"Sprzeda≈º hurtowa herbaty, kawy, kakao i przypraw",üîπ Neutralne,52.61465581610075,38.371801668916014,57.59740677496181,50.54,50.56514285714291,3867.760759398574,0.11548398512026381,2.054633336588239
28.92,Produkcja maszyn dla g√≥rnictwa i do wydobywania oraz budownictwa,üîπ Neutralne,52.56709826125616,59.78885591585521,58.32006566492187,52.629999999999995,53.24961904761949,6287.368488721841,0.052378490056619764,1.4365744786181835
28.93,"Produkcja maszyn stosowanych w przetw√≥rstwie ≈ºywno≈õci, tytoniu i produkcji napoj√≥w",üîπ Neutralne,52.561758244652644,47.044942026422895,62.67561696637917,52.629999999999995,53.24961904761949,4036.3212556391372,0.0701497734067662,1.7608547166480832
43.91,Wykonywanie konstrukcji i pokryƒá dachowych,‚ö†Ô∏è Wysokie Ryzyko (2026),52.488297999110145,34.80795413752059,39.43359619580612,78.41,83.44390476190951,2176.0645413534075,-0.047161538314838936,7.28459640809433
70.22,Pozosta≈Çe doradztwo w zakresie prowadzenia dzia≈Çalno≈õci gospodarczej i zarzƒÖdzania,‚ö†Ô∏è Wysokie Ryzyko (2026),52.418442234345015,55.013647562502186,59.37588009792334,50.75999999999999,50.78885714285727,31526.85958823515,,8.222157812622754
46.14,"Dzia≈Çalno≈õƒá agent√≥w zajmujƒÖcych siƒô sprzeda≈ºƒÖ maszyn, urzƒÖdze≈Ñ przemys≈Çowych, statk√≥w i samolot√≥w",‚ö†Ô∏è Wysokie Ryzyko (2026),52.40150579241303,61.6339430541943,60.656905438704335,50.54,50.56514285714291,4077.543443609029,0.05183974118885004,2.5022938753428434
20.53,Produkcja olejk√≥w eterycznych,‚ö†Ô∏è Wysokie Ryzyko (2026),52.357247776381804,65.8437357569259,59.1038574549711,52.629999999999995,53.24961904761949,246.2486363636417,,8.522727272727934
47.23,"Sprzeda≈º detaliczna ryb, skorupiak√≥w i miƒôczak√≥w prowadzona w wyspecjalizowanych sklepach",üõ°Ô∏è Bezpieczne Przystanie,52.12457877122418,47.69538767999617,65.73147546155481,50.54,50.98000000000022,244.7982352941326,,0.0
20.42,Produkcja wyrob√≥w kosmetycznych i toaletowych,üîπ Neutralne,52.122796518470444,52.91237302799343,60.972043903066584,52.629999999999995,53.24961904761949,12112.251917293295,0.05639571428333415,1.368780769873581
27.33,Produkcja sprzƒôtu instalacyjnego,üîπ Neutralne,52.018940488760684,75.53368957888094,61.342741581501,52.629999999999995,53.24961904761949,1727.439122137439,,1.871190632265666
25.62,Obr√≥bka mechaniczna element√≥w metalowych,‚ö†Ô∏è Wysokie Ryzyko (2026),51.94858070983835,32.97584927422354,63.24751600450313,52.629999999999995,53.24961904761949,19874.80736090243,0.13225213496278695,2.800494824489533
28.21,"Produkcja piec√≥w, palenisk i palnik√≥w piecowych",üîπ Neutralne,51.87643388369284,37.90936474765276,54.76032604986146,52.629999999999995,53.24961904761949,1675.6806165413436,-0.027631672736205815,1.0131306527187718
13.95,"Produkcja w≈Ç√≥knin i wyrob√≥w wykonanych z w≈Ç√≥knin, z wy≈ÇƒÖczeniem odzie≈ºy",üõ°Ô∏è Bezpieczne Przystanie,51.85285683406156,56.39961209009674,67.37329433499207,52.629999999999995,53.24961904761949,2116.129037593986,0.1323592617826579,1.3823019086177055
33.11,Naprawa i konserwacja metalowych wyrob√≥w gotowych,‚ö†Ô∏è Wysokie Ryzyko (2026),51.682033721769805,47.74718026137293,60.91630968750946,52.629999999999995,53.24961904761949,2414.0540451128327,0.14208484553696188,2.8138128047615965
24.44,Produkcja miedzi,üîπ Neutralne,51.67382582524218,37.65658552123367,53.41117363962484,52.629999999999995,53.24961904761949,1583.8321814548399,,2.343125499600319
77.21,Wypo≈ºyczanie i dzier≈ºawa sprzƒôtu rekreacyjnego i sportowego,‚ö†Ô∏è Wysokie Ryzyko (2026),51.662817386361546,82.94795176794155,71.58759545065129,50.0,50.0,305.53571428573923,,2.8571428571513025
28.96,Produkcja maszyn do obr√≥bki gumy lub tworzyw sztucznych oraz wytwarzania wyrob√≥w z tych materia≈Ç√≥w,üîπ Neutralne,51.63376708938419,15.324106429581692,52.44090411905906,52.629999999999995,53.24961904761949,553.4398574822044,,1.0292953285827764
25.12,Produkcja metalowych element√≥w stolarki budowlanej,‚ö†Ô∏è Wysokie Ryzyko (2026),51.622300035810994,56.3942837561447,60.408421314019925,52.629999999999995,53.24961904761949,10664.32057894743,0.0929254382038871,4.101182332814915
10.85,Wytwarzanie gotowych posi≈Çk√≥w i da≈Ñ,‚ö†Ô∏è Wysokie Ryzyko (2026),51.60624145206382,66.69672958384876,62.10907434263617,52.629999999999995,53.24961904761949,2448.5963609021856,0.3738776747606103,8.109510453911184
23.41,Produkcja ceramicznych wyrob√≥w sto≈Çowych i ozdobnych,‚ö†Ô∏è Wysokie Ryzyko (2026),51.57391404682494,28.24216792865476,57.25995861131976,52.629999999999995,53.24961904761949,522.0378947368463,0.03195210504872925,3.6833561175667455
23.64,Produkcja zaprawy murarskiej,üîπ Neutralne,51.52403255767678,62.47509229597784,55.32156017784148,52.629999999999995,53.24961904761949,2399.3699548872246,0.048289986917211716,0.9553295002211541
17.22,"Produkcja artyku≈Ç√≥w gospodarstwa domowego, toaletowych i sanitarnych",üõ°Ô∏è Bezpieczne Przystanie,51.488422546268374,46.83676611715735,67.3517840952203,52.629999999999995,53.24961904761949,12182.04853383475,0.12745994524721915,0.649838882921614
46.22,Sprzeda≈º hurtowa kwiat√≥w i ro≈õlin,üõ°Ô∏è Bezpieczne Przystanie,51.11533394178204,64.54358715366996,67.9806923765243,50.54,50.56514285714291,1957.520360902301,0.15427041227378435,1.0944026733500891
25.99,"Produkcja pozosta≈Çych gotowych wyrob√≥w metalowych, gdzie indziej niesklasyfikowana",üîπ Neutralne,51.05979938189795,36.37606959697423,59.83008532031905,52.629999999999995,53.24961904761949,19541.336443609092,0.05515658024869019,1.049576097998056
10.51,Przetw√≥rstwo mleka i wyr√≥b ser√≥w,üîπ Neutralne,51.04744171378356,58.156073774909956,59.03247944634816,52.629999999999995,53.24961904761949,54260.587924812455,0.11369325043438927,0.7915256535776649
18.13,Dzia≈Çalno≈õƒá us≈Çugowa zwiƒÖzana z przygotowywaniem do druku,üîπ Neutralne,50.752831171878896,40.85847667622996,53.92010906988568,52.629999999999995,53.24961904761949,733.1951278195702,0.052311445742292406,2.304444914252201
28.99,"Produkcja pozosta≈Çych maszyn specjalnego przeznaczenia, gdzie indziej niesklasyfikowana",‚ö†Ô∏è Wysokie Ryzyko (2026),50.71913590114106,31.261670605689584,64.4383736554879,52.629999999999995,53.24961904761949,5686.606676691794,0.17736805328971528,2.5279941203439193
31.02,Produkcja mebli kuchennych,‚ö†Ô∏è Wysokie Ryzyko (2026),50.60323559084954,41.3147973372095,59.06737629366556,52.629999999999995,53.24961904761949,1224.046563909782,0.11873384035946266,8.48820200097748
28.49,Produkcja pozosta≈Çych narzƒôdzi mechanicznych,‚ö†Ô∏è Wysokie Ryzyko (2026),50.567311237387734,19.90258281539209,48.54730243731773,52.629999999999995,53.24961904761949,1069.9273834586565,0.020909409959765313,3.6602870813397885
32.99,"Produkcja pozosta≈Çych wyrob√≥w, gdzie indziej niesklasyfikowana",üîπ Neutralne,50.528077727139866,48.19397923634681,59.25605275810499,52.629999999999995,53.24961904761949,6989.671796992538,0.057051159001674456,1.6622154509992697
22.23,Produkcja wyrob√≥w dla budownictwa z tworzyw sztucznych,üîπ Neutralne,50.49929215152666,54.597630118778696,62.12142711598526,52.629999999999995,53.24961904761949,28766.913819549605,0.081120263069625,1.0627428067432874
46.69,Sprzeda≈º hurtowa pozosta≈Çych maszyn i urzƒÖdze≈Ñ,üîπ Neutralne,50.459936595574426,47.81931023410622,59.984011845507,50.54,50.56514285714291,25561.014375939965,0.05458917379988204,1.4642913048562605
47.22,Sprzeda≈º detaliczna miƒôsa i wyrob√≥w z miƒôsa prowadzona w wyspecjalizowanych sklepach,‚ö†Ô∏è Wysokie Ryzyko (2026),50.44593226602999,58.51743671418996,56.21181518994004,50.54,50.56514285714291,1987.2188947368413,0.1116206409623679,3.2738430823421822
22.21,"Produkcja p≈Çyt, arkuszy, rur i kszta≈Çtownik√≥w z tworzyw sztucznych",üîπ Neutralne,50.42790197869301,44.03022193414286,60.580554498413775,52.629999999999995,53.24961904761949,21419.107796992408,0.044919640510109105,0.9052107741509019
28.29,"Produkcja pozosta≈Çych maszyn og√≥lnego przeznaczenia, gdzie indziej niesklasyfikowana",üîπ Neutralne,50.35915264679563,39.046088780910736,58.94020925827799,52.629999999999995,53.24961904761949,4857.883624060138,0.07549215592838632,1.6318446166096408
33.14,Naprawa i konserwacja urzƒÖdze≈Ñ elektrycznych,‚ö†Ô∏è Wysokie Ryzyko (2026),50.29683362715996,60.37623271288095,64.35974553840043,52.629999999999995,53.24961904761949,1894.802195488708,0.182393119561576,3.685770013293336
59.13,"Dzia≈Çalno≈õƒá zwiƒÖzana z dystrybucjƒÖ film√≥w, nagra≈Ñ wideo i program√≥w telewizyjnych",‚ö†Ô∏è Wysokie Ryzyko (2026),50.13539540840455,67.7650518323445,65.44589584510861,65.40727730290527,19.139047619052,1547.0574397194432,,7.625551417748056
47.77,"Sprzeda≈º detaliczna zegark√≥w, zegar√≥w i bi≈ºuterii prowadzona w wyspecjalizowanych sklepach",‚ö†Ô∏è Wysokie Ryzyko (2026),50.077793737194796,60.47216809760818,59.27761480974249,50.54,50.56514285714291,4004.268887218088,0.11591551795306687,3.0547236177098966
01.62,Dzia≈Çalno≈õƒá us≈Çugowa wspomagajƒÖca ch√≥w i hodowlƒô zwierzƒÖt gospodarskich,‚ö†Ô∏è Wysokie Ryzyko (2026),50.058737787744896,57.43169918663017,66.04253179375648,51.739999999999995,52.09342857142873,1059.7804511278373,0.2664851751174169,8.65548966585743
16.21,Produkcja arkuszy fornirowych i p≈Çyt wykonanych na bazie drewna,üîπ Neutralne,49.79647450239837,35.471872276481015,61.345935768624685,52.629999999999995,53.24961904761949,16476.763796992716,0.07029183541517936,0.6534364758049236
16.29,"Produkcja pozosta≈Çych wyrob√≥w z drewna; produkcja wyrob√≥w z korka, s≈Çomy i materia≈Ç√≥w u≈ºywanych do wyplatania",‚ö†Ô∏è Wysokie Ryzyko (2026),49.74297783482109,29.277965928947612,52.962835468692624,52.629999999999995,53.24961904761949,3861.7682154367794,,3.85438893895531
46.19,Dzia≈Çalno≈õƒá agent√≥w zajmujƒÖcych siƒô sprzeda≈ºƒÖ towar√≥w r√≥≈ºnego rodzaju,‚ö†Ô∏è Wysokie Ryzyko (2026),49.72587566318397,35.050811417667695,61.68005360378164,50.54,50.56514285714291,12924.660323308548,0.12986977593831028,7.110889760443456
25.73,Produkcja narzƒôdzi,üîπ Neutralne,49.71658195423354,42.94110196343334,55.52039153735673,52.629999999999995,53.263214285714774,2732.227772825543,,0.6917502608691137
26.51,"Produkcja instrument√≥w i przyrzƒÖd√≥w pomiarowych, kontrolnych i nawigacyjnych",üîπ Neutralne,49.68508879857606,70.92741797276926,56.05022110496001,52.629999999999995,52.629999999999995,10029.734655870823,,1.9581127374650578
10.62,Wytwarzanie skrobi i wyrob√≥w skrobiowych,üîπ Neutralne,49.616604413103616,44.41786538940817,58.997481940048615,52.629999999999995,53.24961904761949,1286.0974166666565,,0.0
25.93,"Produkcja wyrob√≥w z drutu, ≈Ça≈Ñcuch√≥w i sprƒô≈ºyn",üîπ Neutralne,49.611986794875676,57.22928575664792,58.67382092049789,52.629999999999995,53.24961904761949,4927.101661654073,0.04301112764408366,0.35306548880834043
59.14,Dzia≈Çalno≈õƒá zwiƒÖzana z projekcjƒÖ film√≥w,‚ö†Ô∏è Wysokie Ryzyko (2026),49.543717676219984,58.22518402885291,42.33668814145258,66.53,69.13904761905201,1665.1965939849615,0.14356181540242963,2.567132116004416
46.47,"Sprzeda≈º hurtowa mebli, dywan√≥w i sprzƒôtu o≈õwietleniowego",‚ö†Ô∏è Wysokie Ryzyko (2026),49.53708928595286,54.33124498726405,56.4961820422492,50.54,50.56514285714291,3332.1724385964335,,3.2680177871358183
46.45,Sprzeda≈º hurtowa perfum i kosmetyk√≥w,üîπ Neutralne,49.51413638249364,50.3292543851978,58.43182251841025,50.54,50.56514285714291,12566.98460902262,0.052393057588279834,2.0157467682364256
96.01,Pranie i czyszczenie wyrob√≥w w≈Ç√≥kienniczych i futrzarskich,‚ö†Ô∏è Wysokie Ryzyko (2026),49.48476917973039,61.70337326602492,61.99469636923152,50.0,50.0,1069.0163533834711,0.11450093876763034,2.9950672365259834
81.22,Specjalistyczne sprzƒÖtanie budynk√≥w i obiekt√≥w przemys≈Çowych,üîπ Neutralne,49.483724428064285,67.33227244254756,63.946106232567324,50.0,50.0,3294.237827067671,0.12282014581265352,2.265744042301776
77.29,Wypo≈ºyczanie i dzier≈ºawa pozosta≈Çych artyku≈Ç√≥w u≈ºytku osobistego i domowego,üîπ Neutralne,49.44005956772734,60.874871254189266,59.46142036522942,50.0,50.0,457.71774096385343,,0.0
43.31,Tynkowanie,‚ö†Ô∏è Wysokie Ryzyko (2026),49.42884436433593,36.50948268805946,55.548094193208996,78.41,51.67785620244041,434.16394736841903,,19.158294763945833
47.99,"Pozosta≈Ça sprzeda≈º detaliczna prowadzona poza sieciƒÖ sklepowƒÖ, straganami i targowiskami",‚ö†Ô∏è Wysokie Ryzyko (2026),49.427474940557374,49.07855883981108,61.977624840098066,50.54,50.56514285714291,6989.751436090271,0.16655668361207532,4.104791716696127
22.22,Produkcja opakowa≈Ñ z tworzyw sztucznych,üîπ Neutralne,49.4095285734497,49.65270973694264,60.85774252968344,52.629999999999995,53.24961904761949,31934.6813458642,0.06696575619319001,1.6527294272438837
49.39,"Pozosta≈Çy transport lƒÖdowy pasa≈ºerski, gdzie indziej niesklasyfikowany",‚ö†Ô∏è Wysokie Ryzyko (2026),49.38899301106638,64.50695471855492,49.00586144478572,55.25,56.51069767441892,2356.768985957722,,5.234564713309169
17.23,Produkcja artyku≈Ç√≥w pi≈õmiennych,‚ö†Ô∏è Wysokie Ryzyko (2026),49.34243063052447,49.14240959240029,58.020427053210454,52.629999999999995,53.36230769230795,1160.872455109362,,2.9986822618726023
46.48,"Sprzeda≈º hurtowa zegark√≥w, zegar√≥w i bi≈ºuterii",‚ö†Ô∏è Wysokie Ryzyko (2026),49.33737964642646,58.59926105820906,50.41444680821294,50.54,50.56514285714291,83.217771929827,,14.631578947368325
01.47,Ch√≥w i hodowla drobiu,‚ö†Ô∏è Wysokie Ryzyko (2026),49.30457575872754,69.17171708221741,65.5156445592403,51.739999999999995,52.09342857142873,9746.754593985039,0.18799687939314058,4.409730973105411
01.43,Ch√≥w i hodowla koni i pozosta≈Çych zwierzƒÖt koniowatych,üîπ Neutralne,49.29671938235793,35.207243797459526,47.79316069644028,51.739999999999995,52.09342857142873,324.5987443609083,0.04775209530693192,1.497493734335876
17.21,Produkcja papieru falistego i tektury falistej oraz opakowa≈Ñ z papieru i tektury,üîπ Neutralne,49.28208935642557,52.57013852106748,62.96223634271239,52.629999999999995,53.24961904761949,26052.162624060176,0.07864222935664367,1.588306348209045
56.21,Przygotowywanie i dostarczanie ≈ºywno≈õci dla odbiorc√≥w zewnƒôtrznych (katering),‚ö†Ô∏è Wysokie Ryzyko (2026),49.260829049950566,50.21424287050389,60.38361253341359,51.83,52.24752380952415,1648.2618646616756,0.16611905590603193,9.563817637094417
31.01,Produkcja mebli biurowych i sklepowych,‚ö†Ô∏è Wysokie Ryzyko (2026),49.19579354612796,33.70014994381287,55.04096140868604,52.629999999999995,53.24961904761949,8471.813067669165,0.09625054559728019,4.246086185014519
22.29,Produkcja pozosta≈Çych wyrob√≥w z tworzyw sztucznych,üîπ Neutralne,49.139683619280085,43.45091723282603,57.459517852205735,52.629999999999995,53.24961904761949,32886.727684210986,0.047575303126042634,1.0249604848206815
18.12,Pozosta≈Çe drukowanie,üîπ Neutralne,49.09314102269135,45.900102827017555,54.88877129127599,52.629999999999995,53.24961904761949,14631.135037593893,0.05001828227941729,2.0224084512964566
46.17,"Dzia≈Çalno≈õƒá agent√≥w zajmujƒÖcych siƒô sprzeda≈ºƒÖ ≈ºywno≈õci, napoj√≥w i wyrob√≥w tytoniowych",‚ö†Ô∏è Wysokie Ryzyko (2026),49.03312351388283,74.26641997606704,62.88885489989755,50.54,50.56514285714291,857.5980676691761,0.16689291932258854,8.607974710071971
20.11,Produkcja gaz√≥w technicznych,üõ°Ô∏è Bezpieczne Przystanie,48.95572364751724,67.56881693363368,69.46050392502686,52.629999999999995,53.24961904761949,3847.610240601527,0.10653197342485576,1.0944026733500891
27.12,Produkcja aparatury rozdzielczej i sterowniczej energii elektrycznej,üîπ Neutralne,48.88391713591997,38.72645513826238,60.306020626417634,52.629999999999995,53.24961904761949,12241.855218045297,0.0861148329679915,1.3904990817188434
46.63,"Sprzeda≈º hurtowa maszyn wykorzystywanych w g√≥rnictwie, budownictwie oraz in≈ºynierii lƒÖdowej i wodnej",üîπ Neutralne,48.745725107796304,63.77121881552683,58.987203856768566,50.54,50.56514285714291,7148.627541353344,0.07815918160710655,0.28904683352379834
24.53,Odlewnictwo metali lekkich,üîπ Neutralne,48.62242558077005,29.393387996700366,58.82758708939261,52.629999999999995,53.24961904761949,4461.535082706774,0.07345821956046095,0.6493506493506516
33.12,Naprawa i konserwacja maszyn,üîπ Neutralne,48.62128143297054,41.5547951073851,58.701581955799654,52.629999999999995,53.24961904761949,13346.183556391159,0.12008363723789461,2.276837352834093
47.91,Sprzeda≈º detaliczna prowadzona przez domy sprzeda≈ºy wysy≈Çkowej lub Internet,‚ö†Ô∏è Wysokie Ryzyko (2026),48.60171287394896,58.28656043340155,63.35155221086407,50.54,50.56514285714291,23183.454195488244,0.2168198451147152,10.860385992022657
13.99,"Produkcja pozosta≈Çych wyrob√≥w tekstylnych, gdzie indziej niesklasyfikowana",üîπ Neutralne,48.4709022633952,31.23928172736828,51.848616442074366,52.629999999999995,53.24961904761949,1122.8533082706854,0.007936006313553179,1.8246667087888113
23.61,Produkcja wyrob√≥w budowlanych z betonu,üîπ Neutralne,48.42374720208569,56.06889066183508,52.38489143354246,52.629999999999995,53.24961904761949,16003.187383458717,0.017479055653144115,1.1604545634799592
31.09,Produkcja pozosta≈Çych mebli,üîπ Neutralne,48.314060974443265,40.576304831332315,54.45731637742164,52.629999999999995,53.24961904761949,43742.550578947645,0.03764359747288992,2.0622158010035037
91.04,Dzia≈Çalno≈õƒá ogrod√≥w botanicznych i zoologicznych oraz obszar√≥w i obiekt√≥w ochrony przyrody,üîπ Neutralne,48.20661562175485,28.072919043726436,43.44273810315332,50.0,50.0,221.59021231422957,,0.0
01.46,Ch√≥w i hodowla ≈õwi≈Ñ,‚ö†Ô∏è Wysokie Ryzyko (2026),48.20445205869858,54.64345982861263,54.8714603793775,51.739999999999995,52.09342857142873,1459.7329548872367,0.08823809861455034,5.282082928599266
28.12,Produkcja sprzƒôtu i wyposa≈ºenia do napƒôdu hydraulicznego i pneumatycznego,üîπ Neutralne,48.180596284800934,36.0416396736863,59.78809833623902,52.629999999999995,53.24961904761949,2720.636744360905,0.1036226350014422,0.3651987110633783
17.29,Produkcja pozosta≈Çych wyrob√≥w z papieru i tektury,üîπ Neutralne,48.139088922019354,51.36142276907599,58.91223916469991,52.629999999999995,53.24961904761949,6092.974926470546,,1.7700879215700525
20.16,Produkcja tworzyw sztucznych w formach podstawowych,üîπ Neutralne,48.09730603216349,28.444505215142012,58.71654777653957,52.629999999999995,53.24961904761949,19644.076142857317,0.054074630667225065,1.4064488650546423
11.07,Produkcja napoj√≥w bezalkoholowych; produkcja w√≥d mineralnych i pozosta≈Çych w√≥d butelkowanych,‚ö†Ô∏è Wysokie Ryzyko (2026),48.085465982943305,57.99176814100666,56.632807593012025,52.629999999999995,53.24961904761949,11767.902526315767,0.10007831232438313,3.8668854066606855
47.41,"Sprzeda≈º detaliczna komputer√≥w, urzƒÖdze≈Ñ peryferyjnych i oprogramowania prowadzona w wyspecjalizowanych sklepach",‚ö†Ô∏è Wysokie Ryzyko (2026),48.08176918824599,51.074238806083194,61.21521018403553,50.54,50.56514285714291,5942.120992481243,0.14921488126000604,5.604223693489303
33.15,Naprawa i konserwacja statk√≥w i ≈Çodzi,‚ö†Ô∏è Wysokie Ryzyko (2026),48.03535712479619,49.71621027787697,54.91038687725671,52.629999999999995,53.24961904761949,3640.0598195489147,0.08155897431517589,2.6199334908337164
52.29,Pozosta≈Ça dzia≈Çalno≈õƒá us≈Çugowa wspomagajƒÖca transport,‚ö†Ô∏è Wysokie Ryzyko (2026),48.01130424170744,36.06244479722772,54.41053178046082,55.25,56.34495238095318,35944.44085714314,0.08364840289181508,3.406851400385449
51.21,Transport lotniczy towar√≥w,üîπ Neutralne,47.96253313060678,76.64587038165959,61.54275629786834,55.25,56.34495238095318,920.9135210578097,,0.0
45.19,"Sprzeda≈º hurtowa i detaliczna pozosta≈Çych pojazd√≥w samochodowych, z wy≈ÇƒÖczeniem motocykli",‚ö†Ô∏è Wysokie Ryzyko (2026),47.94381757569998,40.104909224818435,58.89586025408822,50.54,50.56514285714291,26103.279571428895,0.09939615641754446,3.6028150794158478
11.03,Produkcja cydru i pozosta≈Çych win owocowych,üîπ Neutralne,47.87840032611473,52.055605209554386,64.12589593845304,52.629999999999995,53.24961904761949,590.076279640225,,0.0
28.13,Produkcja pozosta≈Çych pomp i sprƒô≈ºarek,üîπ Neutralne,47.8695568086315,59.07004381272365,56.85759119524968,52.629999999999995,53.24961904761949,2307.0891052631778,0.0599490840544763,1.4655116050997492
23.42,Produkcja ceramicznych wyrob√≥w sanitarnych,üîπ Neutralne,47.83552797932335,52.94324234125287,57.31472174865115,52.629999999999995,53.24961904761949,976.333315789474,0.01558696528310044,0.0
24.43,"Produkcja o≈Çowiu, cynku i cyny",üîπ Neutralne,47.80236013541759,52.40797931165437,52.850160668676914,52.629999999999995,53.24961904761949,5419.536413533788,-0.025261893439598282,0.0
96.09,"Pozosta≈Ça dzia≈Çalno≈õƒá us≈Çugowa, gdzie indziej niesklasyfikowana",‚ö†Ô∏è Wysokie Ryzyko (2026),47.69463960841807,63.96984867631305,54.72111512538495,50.0,50.0,1719.7425864661927,0.06858696114620333,8.891262533153736
10.13,"Produkcja wyrob√≥w z miƒôsa, w≈ÇƒÖczajƒÖc wyroby z miƒôsa drobiowego",üîπ Neutralne,47.68547433726786,47.019578301824495,61.690609297407526,52.629999999999995,53.24961904761949,55268.34006015025,0.12174597259212794,1.4517742477851812
45.11,Sprzeda≈º hurtowa i detaliczna samochod√≥w osobowych i furgonetek,üîπ Neutralne,47.68526810578463,55.28540063392309,62.45790227206551,50.54,50.56514285714291,173122.07707518898,0.1552706906086474,2.3802187632140317
24.42,Produkcja aluminium,üîπ Neutralne,47.66555961645066,45.910673228198405,63.389451038420916,52.629999999999995,53.24961904761949,13479.106142857112,0.09904391679984464,2.1703514149575938
71.12,Dzia≈Çalno≈õƒá w zakresie in≈ºynierii i zwiƒÖzane z niƒÖ doradztwo techniczne,‚ö†Ô∏è Wysokie Ryzyko (2026),47.538595252009976,48.46960756471781,53.54685713743115,50.75999999999999,50.78885714285727,15061.862578947563,0.11520357456711361,3.568113487413086
33.19,Naprawa i konserwacja pozosta≈Çego sprzƒôtu i wyposa≈ºenia,üîπ Neutralne,47.50519847312628,51.76780930730849,61.16477348619116,52.629999999999995,53.24961904761949,325.2795604395542,,2.3432757718470896
46.46,Sprzeda≈º hurtowa wyrob√≥w farmaceutycznych i medycznych,üîπ Neutralne,47.501942661606336,60.907638006526824,62.04285961174871,50.54,50.56514285714291,97702.03134586662,0.0993636566264735,0.9213220583963988
28.14,Produkcja pozosta≈Çych kurk√≥w i zawor√≥w,üîπ Neutralne,47.49849374851455,67.27645680385159,60.77314055518321,52.629999999999995,53.24961904761949,2259.2729849624156,0.13848517760473733,0.0
49.32,Dzia≈Çalno≈õƒá taks√≥wek osobowych,‚ö†Ô∏è Wysokie Ryzyko (2026),47.46422939221782,51.37229496560442,29.988025848026016,55.25,56.51069767441892,251.8964079751313,,63.89927791149785
16.23,Produkcja pozosta≈Çych wyrob√≥w stolarskich i ciesielskich dla budownictwa,‚ö†Ô∏è Wysokie Ryzyko (2026),47.4442070571035,38.782395482566386,53.19227380078443,52.629999999999995,53.24961904761949,11138.146375939832,0.05525527079260181,3.7257542776330297
46.49,Sprzeda≈º hurtowa pozosta≈Çych artyku≈Ç√≥w u≈ºytku domowego,üîπ Neutralne,47.41978226830022,54.81876659942239,58.151431676066856,50.54,50.56514285714291,8300.744338345889,0.06357211224587456,1.6412480399138474
46.18,Dzia≈Çalno≈õƒá agent√≥w specjalizujƒÖcych siƒô w sprzeda≈ºy pozosta≈Çych okre≈õlonych towar√≥w,‚ö†Ô∏è Wysokie Ryzyko (2026),47.38012743578339,44.19067387312418,52.643052261397926,50.54,50.56514285714291,8552.095150375972,0.035614610951906656,3.049656496140358
10.84,Produkcja przypraw,üîπ Neutralne,47.338586252454625,59.87898282066507,59.926120172862085,52.629999999999995,53.24961904761949,10000.897616541479,0.057796478254162675,1.2975505565533183
10.73,"Produkcja makaron√≥w, klusek, kuskusu i podobnych wyrob√≥w mƒÖcznych",‚ö†Ô∏è Wysokie Ryzyko (2026),47.32811334071969,70.69564695645559,56.26465724591082,52.629999999999995,53.24961904761949,1654.5652481202997,0.054958193526785326,4.858033973823581
88.99,"Pozosta≈Ça pomoc spo≈Çeczna bez zakwaterowania, gdzie indziej niesklasyfikowana",‚ö†Ô∏è Wysokie Ryzyko (2026),47.18170303713012,47.20497197027595,41.287088155738225,50.0,50.0,108.39594594594018,,7.0463320463337595
24.33,Produkcja wyrob√≥w formowanych na zimno,üîπ Neutralne,47.06501608572413,40.08673114045595,51.27070921022923,52.629999999999995,53.24961904761949,3362.1401443922077,,2.3421377984002447
14.13,Produkcja pozosta≈Çej odzie≈ºy wierzchniej,‚ö†Ô∏è Wysokie Ryzyko (2026),47.051575829393485,27.709054941712452,44.36510668655495,52.629999999999995,53.24961904761949,1049.0718947368441,-0.008287672566806847,7.300888464489844
10.91,Produkcja gotowej paszy dla zwierzƒÖt gospodarskich,üîπ Neutralne,46.96765703518274,44.94531995530802,55.98843837240749,52.629999999999995,53.24961904761949,31088.15982417576,,1.3880298986373418
10.39,Pozosta≈Çe przetwarzanie i konserwowanie owoc√≥w i warzyw,üîπ Neutralne,46.932774687558656,51.70095494161515,59.21402384418256,52.629999999999995,53.24961904761949,17631.795045112725,0.10004105401821306,1.810998301400815
10.12,Przetwarzanie i konserwowanie miƒôsa z drobiu,üîπ Neutralne,46.91537299136837,39.6995541989084,59.4617705158002,52.629999999999995,53.24961904761949,22890.124556391034,0.1132266442590506,1.1711110037847448
25.61,Obr√≥bka metali i nak≈Çadanie pow≈Çok na metale,üîπ Neutralne,46.87802227867927,43.01240157160106,52.560506704664775,52.629999999999995,53.24961904761949,14202.437556391116,0.02490346111802566,1.6669688244187455
10.31,Przetwarzanie i konserwowanie ziemniak√≥w,üõ°Ô∏è Bezpieczne Przystanie,46.84158506947852,73.66625726927568,67.53575072445106,52.629999999999995,53.24961904761949,3899.0157293232623,0.13043147359923424,1.4511278195489297
46.77,Sprzeda≈º hurtowa odpad√≥w i z≈Çomu,üîπ Neutralne,46.81839387575017,47.83312519545454,55.8969449498384,50.54,50.56514285714291,21608.69648910407,,1.0635948374899442
30.11,Produkcja statk√≥w i konstrukcji p≈ÇywajƒÖcych,‚ö†Ô∏è Wysokie Ryzyko (2026),46.80135041825538,69.05548479680171,55.33872180295467,52.629999999999995,53.24961904761949,2217.5544962406275,0.13118921894417923,3.9542475019086396
28.41,Produkcja maszyn do obr√≥bki metalu,üîπ Neutralne,46.73572022588353,35.24512261902236,56.56326170603136,52.629999999999995,53.24961904761949,1791.2967142857233,0.06929109404669376,1.3231971554502309
28.22,Produkcja urzƒÖdze≈Ñ d≈∫wigowych i chwytak√≥w,üîπ Neutralne,46.70011016255823,46.095296371931674,53.655307080887205,52.629999999999995,53.24961904761949,4663.700774436118,0.037951698276441626,0.7378703168177054
77.32,Wynajem i dzier≈ºawa maszyn i urzƒÖdze≈Ñ budowlanych,‚ö†Ô∏è Wysokie Ryzyko (2026),46.673195532075916,54.5310132975006,52.8960363649534,50.0,50.0,3461.2140070205496,,4.123566125371667
13.96,Produkcja pozosta≈Çych technicznych i przemys≈Çowych wyrob√≥w tekstylnych,üîπ Neutralne,46.66683308531063,73.11291226509256,59.47131356972456,52.629999999999995,52.629999999999995,2924.159346153814,,0.0
17.12,Produkcja papieru i tektury,üîπ Neutralne,46.54808698762147,38.900256267231214,56.36571185520942,52.629999999999995,53.24961904761949,20647.710274056066,,1.6073053607178736
58.13,Wydawanie gazet,‚ö†Ô∏è Wysokie Ryzyko (2026),46.48996209496936,22.952219054457025,32.209050234929784,66.53,69.13904761905201,866.2789651293715,,3.5457286589176533
10.11,"Przetwarzanie i konserwowanie miƒôsa, z wy≈ÇƒÖczeniem miƒôsa z drobiu",üîπ Neutralne,46.4892180869873,48.059050065524616,54.81846421046301,52.629999999999995,53.24961904761949,35362.392338346224,0.061112278006738796,1.99675833118377
46.75,Sprzeda≈º hurtowa wyrob√≥w chemicznych,üîπ Neutralne,46.377380557098554,46.56978600151094,56.49433453401602,50.54,50.56514285714291,62234.41047368385,0.042556056459846836,1.3512842141599037
46.33,"Sprzeda≈º hurtowa mleka, wyrob√≥w mleczarskich, jaj, olej√≥w i t≈Çuszcz√≥w jadalnych",üîπ Neutralne,46.376086297268195,55.31007434684766,57.75613786302423,50.54,50.56514285714291,18468.819894736866,0.09739480224737918,1.8577411329686697
45.32,"Sprzeda≈º detaliczna czƒô≈õci i akcesori√≥w do pojazd√≥w samochodowych, z wy≈ÇƒÖczeniem motocykli",‚ö†Ô∏è Wysokie Ryzyko (2026),46.3674043979531,65.05051501559798,57.42572403209086,50.54,50.56514285714291,5326.8554360902635,0.08188554490186117,3.5257691407039147
24.54,Odlewnictwo pozosta≈Çych metali nie≈ºelaznych,üîπ Neutralne,46.35873148290439,43.98604196913032,55.64539012819013,52.629999999999995,53.24961904761949,533.9832063672657,,2.3934053439454033
46.36,"Sprzeda≈º hurtowa cukru, czekolady, wyrob√≥w cukierniczych i piekarskich",‚ö†Ô∏è Wysokie Ryzyko (2026),46.34671680634884,47.94436632171995,66.41315146436206,50.54,42.432386699326564,12545.614601503941,0.19785739108081657,4.16300879514074
10.82,"Produkcja kakao, czekolady i wyrob√≥w cukierniczych",üîπ Neutralne,46.34610509300404,61.8388167008784,55.24367905467147,52.629999999999995,53.24961904761949,21479.154308270663,0.08129458324044214,1.5047972810164083
13.92,Produkcja gotowych wyrob√≥w tekstylnych,üîπ Neutralne,46.319514669807525,44.11196874594093,53.251720020327255,52.629999999999995,53.24961904761949,6928.486759398598,0.03569321339350928,2.3028538504954668
46.74,Sprzeda≈º hurtowa wyrob√≥w metalowych oraz sprzƒôtu i dodatkowego wyposa≈ºenia hydraulicznego i grzejnego,üîπ Neutralne,46.30070204031782,34.70796056208828,56.87629009695223,50.54,50.56514285714291,28575.743631578982,0.044369161518007516,1.2430089239610993
49.41,Transport drogowy towar√≥w,‚ö†Ô∏è Wysokie Ryzyko (2026),46.28641453972885,41.49836868998863,51.1374697779197,55.25,56.34495238095318,112978.7168399673,,5.039036244445356
47.76,"Sprzeda≈º detaliczna kwiat√≥w, ro≈õlin, nasion, nawoz√≥w, ≈ºywych zwierzƒÖt domowych, karmy dla zwierzƒÖt domowych prowadzona w wyspecjalizowanych sklepach",‚ö†Ô∏è Wysokie Ryzyko (2026),46.28313558262084,57.196819297799316,56.50791033676123,50.54,50.56514285714291,2547.671022556402,0.10417413945308507,5.441991958006611
25.11,Produkcja konstrukcji metalowych i ich czƒô≈õci,‚ö†Ô∏è Wysokie Ryzyko (2026),46.2821110418093,33.58728169236802,51.510443279679905,52.629999999999995,53.24961904761949,42077.587669173256,0.056719073719538216,2.514908917974992
45.31,"Sprzeda≈º hurtowa czƒô≈õci i akcesori√≥w do pojazd√≥w samochodowych, z wy≈ÇƒÖczeniem motocykli",üîπ Neutralne,46.20640301708206,48.93416718476862,60.58623371940938,50.54,50.56514285714291,54459.7358270688,0.1227257197529612,2.119018104121949
46.41,Sprzeda≈º hurtowa wyrob√≥w tekstylnych,‚ö†Ô∏è Wysokie Ryzyko (2026),46.17135686414746,30.554596837949195,55.10856256970813,50.54,50.56514285714291,3617.2901729323494,0.07212681218276984,3.7454103675565307
25.91,Produkcja pojemnik√≥w metalowych,üîπ Neutralne,46.14132878546539,31.58817693977974,52.81791082850227,52.629999999999995,53.24961904761949,4187.6253458646825,0.027851834273326048,1.927118512991143
17.11,Produkcja masy w≈Ç√≥knistej,üîπ Neutralne,46.139779770785424,57.854010056185224,56.29770789963244,52.629999999999995,53.24961904761949,1193.4025700365746,,0.0
46.39,"Sprzeda≈º hurtowa niewyspecjalizowana ≈ºywno≈õci, napoj√≥w i wyrob√≥w tytoniowych",üîπ Neutralne,46.09784361888618,54.96316603491187,61.902556627755935,50.54,50.56514285714291,45881.68803759478,0.13258619011261175,1.3310703441962346
08.92,Wydobywanie torfu,üîπ Neutralne,45.97952469979152,81.2679631460415,59.88317477744361,54.94,56.596285714286786,427.86820833334787,,0.0
46.64,Sprzeda≈º hurtowa maszyn dla przemys≈Çu tekstylnego oraz maszyn do szycia i maszyn dziewiarskich,üîπ Neutralne,45.95559844727443,40.26897513656482,60.99768337883786,50.54,50.56514285714291,750.6332087912087,,0.0
10.61,Wytwarzanie produkt√≥w przemia≈Çu zb√≥≈º,üîπ Neutralne,45.80364475031492,42.83290364542661,55.90168225021468,52.629999999999995,53.24961904761949,11236.66823809524,,1.7448926250513068
10.92,Produkcja gotowej karmy dla zwierzƒÖt domowych,üîπ Neutralne,45.591934271157754,53.09448032231625,58.603327775328474,52.629999999999995,53.24961904761949,5531.91975824174,,1.4942729228443739
33.13,Naprawa i konserwacja urzƒÖdze≈Ñ elektronicznych i optycznych,üîπ Neutralne,45.5335731318185,68.83279994482626,50.83569735591633,52.629999999999995,53.24961904761949,1621.951413533854,0.008099136549370556,1.8150964532543696
13.94,"Produkcja wyrob√≥w powro≈∫niczych, lin, szpagat√≥w i wyrob√≥w sieciowych",‚ö†Ô∏è Wysokie Ryzyko (2026),45.52869734432189,49.76278749246275,35.41349748852464,52.629999999999995,52.629999999999995,253.61428294574011,,8.509513742072045
23.63,Produkcja masy betonowej prefabrykowanej,üîπ Neutralne,45.447193513684475,69.27857742288174,51.25925767200269,52.629999999999995,53.24961904761949,5652.227451127896,0.04932528210116871,0.2819548872180526
13.91,Produkcja dzianin metra≈ºowych,üîπ Neutralne,45.39761348184507,40.588489525409535,47.70313574156011,52.629999999999995,53.24961904761949,506.8165413533825,-0.004969930654143084,1.5977443609022544
82.92,Dzia≈Çalno≈õƒá zwiƒÖzana z pakowaniem,‚ö†Ô∏è Wysokie Ryzyko (2026),45.31421046110766,48.400481985462235,53.05885279948516,50.0,50.0,5007.776293233153,0.02453615717286084,2.6401219029900744
28.95,Produkcja maszyn dla przemys≈Çu papierniczego,‚ö†Ô∏è Wysokie Ryzyko (2026),45.29786351282443,34.70928388529016,48.884767479530424,52.629999999999995,53.24961904761949,462.8471065375197,,2.5654329528421727
25.29,"Produkcja pozosta≈Çych zbiornik√≥w, cystern i pojemnik√≥w metalowych",üîπ Neutralne,45.23841316460986,39.08518417095605,52.32662753098054,52.629999999999995,53.24961904761949,3675.1190902256058,0.03367427596653805,1.5635814816252207
23.12,Kszta≈Çtowanie i obr√≥bka szk≈Ça p≈Çaskiego,üîπ Neutralne,45.174916215243655,36.25324688917297,50.97558036010268,52.629999999999995,53.24961904761949,10810.596624060185,0.017274715120649375,1.3825981026924978
25.94,Produkcja z≈ÇƒÖczy i ≈õrub,üîπ Neutralne,45.11989624783405,38.58150545340725,57.41247285586155,52.629999999999995,53.24961904761949,4168.291744360875,0.04367795802706631,0.2972547648190158
46.73,"Sprzeda≈º hurtowa drewna, materia≈Ç√≥w budowlanych i wyposa≈ºenia sanitarnego",üîπ Neutralne,45.10818334777884,46.05538464249011,54.202722766337665,50.54,50.56514285714291,55876.4036315796,0.030095984452790603,2.178216280685831
18.14,Introligatorstwo i podobne us≈Çugi,üîπ Neutralne,45.08650515670853,49.75108204660638,54.17711382837097,52.629999999999995,53.24961904761949,435.210737155634,,2.4305924901606204
46.52,Sprzeda≈º hurtowa sprzƒôtu elektronicznego i telekomunikacyjnego oraz czƒô≈õci do niego,‚ö†Ô∏è Wysokie Ryzyko (2026),45.039888506524555,38.74897477929378,50.30231478254874,50.54,50.56514285714291,19245.005300751887,0.04291671699797206,3.6317068502269763
81.21,Niespecjalistyczne sprzƒÖtanie budynk√≥w i obiekt√≥w przemys≈Çowych,‚ö†Ô∏è Wysokie Ryzyko (2026),45.03371228375234,65.41747813168446,56.32557330772128,50.0,50.0,3762.772511278221,0.1170534652302706,3.6017542898562738
63.99,"Pozosta≈Ça dzia≈Çalno≈õƒá us≈Çugowa w zakresie informacji, gdzie indziej niesklasyfikowana",‚ö†Ô∏è Wysokie Ryzyko (2026),45.01336206667967,39.36006871073034,38.750654823406684,66.53,69.13904761905201,631.4342978208297,,4.814566946896889
46.15,"Dzia≈Çalno≈õƒá agent√≥w zajmujƒÖcych siƒô sprzeda≈ºƒÖ mebli, artyku≈Ç√≥w gospodarstwa domowego i drobnych wyrob√≥w metalowych",‚ö†Ô∏è Wysokie Ryzyko (2026),45.00586376378273,39.83720486469929,63.039263925850165,0.54,0.5579999999999927,836.5392575285659,,14.339311125396534
22.19,Produkcja pozosta≈Çych wyrob√≥w z gumy,üîπ Neutralne,44.94645388293482,33.588347925362015,51.85586095297402,52.629999999999995,53.24961904761949,15210.947270676726,0.0172312295146142,0.5757631427317165
93.29,Pozosta≈Ça dzia≈Çalno≈õƒá rozrywkowa i rekreacyjna,‚ö†Ô∏è Wysokie Ryzyko (2026),44.68629671501361,38.79180836044751,50.49265981736658,50.0,50.0,762.2099513825615,,20.08714882889217
46.44,"Sprzeda≈º hurtowa wyrob√≥w porcelanowych, ceramicznych i szklanych oraz ≈õrodk√≥w czyszczƒÖcych",üîπ Neutralne,44.565929752366934,56.51920585073504,52.75856239995866,50.54,50.56514285714291,3723.800375939856,0.03708387261288126,2.039892878857131
46.23,Sprzeda≈º hurtowa ≈ºywych zwierzƒÖt,‚ö†Ô∏è Wysokie Ryzyko (2026),44.43348116541503,48.87845098987796,60.37608897639344,50.54,50.56514285714291,8430.520706766867,0.14860333814855586,9.597889849100284
47.42,Sprzeda≈º detaliczna sprzƒôtu telekomunikacyjnego prowadzona w wyspecjalizowanych sklepach,‚ö†Ô∏è Wysokie Ryzyko (2026),44.43078749803945,60.36685892646225,52.30592130352174,50.54,50.56514285714291,1110.3114146780936,,4.3877323317299215
47.75,Sprzeda≈º detaliczna kosmetyk√≥w i artyku≈Ç√≥w toaletowych prowadzona w wyspecjalizowanych sklepach,‚ö†Ô∏è Wysokie Ryzyko (2026),44.220878782850505,54.4739739571527,49.4872630201356,50.54,50.56514285714291,20431.24495488708,0.0784298624558577,4.482057728587392
23.32,"Produkcja cegie≈Ç, dach√≥wek i materia≈Ç√≥w budowlanych, z wypalanej gliny",‚ö†Ô∏è Wysokie Ryzyko (2026),44.14767265207695,30.709074583909224,50.52149952212858,52.629999999999995,53.24961904761949,1940.4614360902342,0.00558377967070367,2.568262762168672
46.31,Sprzeda≈º hurtowa owoc√≥w i warzyw,‚ö†Ô∏è Wysokie Ryzyko (2026),44.08629858744814,51.213826290199485,52.508137574743394,50.54,50.56514285714291,24387.48664661683,0.07602978272969985,3.689196310384318
20.41,"Produkcja myd≈Ça i detergent√≥w, ≈õrodk√≥w myjƒÖcych i czyszczƒÖcych",‚ö†Ô∏è Wysokie Ryzyko (2026),44.06304861301087,55.87583858877546,57.38696973650861,52.629999999999995,53.24961904761949,9707.20390977431,0.10315620009819337,2.5971947331466367
24.34,Produkcja drutu,üîπ Neutralne,43.91907956966868,49.660069926499844,52.438620553945434,52.629999999999995,53.32199999999997,1383.199334423567,,0.0
27.32,Produkcja pozosta≈Çych elektronicznych i elektrycznych przewod√≥w i kabli,üîπ Neutralne,43.872714513741116,50.65179305906423,54.61673790900699,52.629999999999995,53.24961904761949,14527.232338345842,0.04621160905413291,0.0
47.52,"Sprzeda≈º detaliczna drobnych wyrob√≥w metalowych, farb i szk≈Ça prowadzona w wyspecjalizowanych sklepach",üîπ Neutralne,43.80183547510933,54.979132732074476,56.92920546676322,50.54,50.56514285714291,17247.30608695699,,2.1807651907708703
20.14,Produkcja pozosta≈Çych podstawowych chemikali√≥w organicznych,üîπ Neutralne,43.755678730884966,41.36863568969289,48.4119882579107,52.629999999999995,53.24961904761949,6802.58165413532,0.013697722698428283,1.7608824693312783
46.21,"Sprzeda≈º hurtowa zbo≈ºa, nieprzetworzonego tytoniu, nasion i pasz dla zwierzƒÖt",üîπ Neutralne,43.687717236055754,48.042647121909674,54.21551510549077,50.54,50.56514285714291,37849.89230075199,0.07758634632301131,2.3834362968817118
23.13,Produkcja szk≈Ça gospodarczego,üîπ Neutralne,43.68337931470413,22.05124515470948,52.548576334942545,52.629999999999995,53.24961904761949,6871.6692180451355,0.09827400022126831,1.847046477983639
85.32,"Szko≈Çy zawodowe, z wy≈ÇƒÖczeniem szk√≥≈Ç policealnych",üîπ Neutralne,43.65662269707252,69.52889789086466,40.75786806653155,50.0,50.0,49.86448683238933,,1.5602475299743332
46.71,Sprzeda≈º hurtowa paliw i produkt√≥w pochodnych,üîπ Neutralne,43.63613770213392,41.05342796569597,54.956244124166844,50.54,50.56514285714291,153877.83308270946,0.08413954440523774,1.8988887959072258
08.93,Wydobywanie soli,üîπ Neutralne,43.609725699821404,32.418740738552856,43.579151475756966,54.94,56.596285714286786,472.8192199592704,,0.0
66.21,Dzia≈Çalno≈õƒá zwiƒÖzana z ocenƒÖ ryzyka i szacowaniem poniesionych strat,üîπ Neutralne,43.59680636523131,83.10704821078642,50.50536837503039,56.54,57.39878378378373,1327.7882926829625,,0.3515127989476383
46.43,Sprzeda≈º hurtowa elektrycznych artyku≈Ç√≥w u≈ºytku domowego,‚ö†Ô∏è Wysokie Ryzyko (2026),43.55883996394029,60.010962033203356,52.194988954453144,50.54,50.56514285714291,15792.301879699226,0.0571879862541631,3.846425520634739
10.86,Produkcja artyku≈Ç√≥w spo≈ºywczych homogenizowanych i ≈ºywno≈õci dietetycznej,üîπ Neutralne,43.417961243231694,44.17524120559796,49.637701798623574,52.629999999999995,53.24961904761949,3273.773781954951,0.05302309180164677,2.192982456140385
11.06,Produkcja s≈Çodu,üîπ Neutralne,43.370162357962805,47.42519197071146,53.021387404328614,52.629999999999995,53.262702702702654,800.0395178719773,,0.0
47.25,Sprzeda≈º detaliczna napoj√≥w alkoholowych i bezalkoholowych prowadzona w wyspecjalizowanych sklepach,‚ö†Ô∏è Wysokie Ryzyko (2026),43.35130194580923,42.01159572819669,47.41228751256778,50.54,50.56514285714291,1112.6096390977618,0.0013160777877079255,5.8354263751458575
82.99,"Pozosta≈Ça dzia≈Çalno≈õƒá wspomagajƒÖca prowadzenie dzia≈Çalno≈õci gospodarczej, gdzie indziej niesklasyfikowana",‚ö†Ô∏è Wysokie Ryzyko (2026),43.29051632715899,64.3240751880917,51.82464093661675,50.0,50.0,7949.195703474688,,3.6372425618520765
27.31,Produkcja kabli ≈õwiat≈Çowodowych,üîπ Neutralne,43.16301028842054,26.94377069687653,46.161848945121115,52.629999999999995,53.24961904761949,739.0432482924807,,0.0
46.76,Sprzeda≈º hurtowa pozosta≈Çych p√≥≈Çprodukt√≥w,üîπ Neutralne,43.15371491662654,33.1890253564077,51.80368781616171,50.54,50.56514285714291,13529.652319612447,,2.3095345443846327
26.11,Produkcja element√≥w elektronicznych,üîπ Neutralne,43.10283793142308,49.243008348102244,48.40166650574967,52.629999999999995,53.24961904761949,14010.88526498212,,1.8480258139927628
26.12,Produkcja elektronicznych obwod√≥w drukowanych,üîπ Neutralne,43.02552807541875,30.683001727410343,50.97757791938674,52.629999999999995,53.24961904761949,2943.776876118034,,0.0
16.22,Produkcja gotowych parkiet√≥w pod≈Çogowych,‚ö†Ô∏è Wysokie Ryzyko (2026),42.99362465404378,13.197962551614692,50.31160595478753,52.629999999999995,53.24961904761949,1885.1149450549565,,4.827546403176598
11.01,"Destylowanie, rektyfikowanie i mieszanie alkoholi",‚ö†Ô∏è Wysokie Ryzyko (2026),42.92713195429996,59.133893197320894,52.753257802115726,52.629999999999995,53.24961904761949,17732.811390977353,0.05542200368922129,2.5682062298604365
10.32,Produkcja sok√≥w z owoc√≥w i warzyw,üîπ Neutralne,42.919244804539154,53.81448946691803,50.47048665182342,52.629999999999995,53.24961904761949,9110.932676691678,0.05970620317501418,2.295639991714552
01.29,Uprawa pozosta≈Çych ro≈õlin wieloletnich,‚ö†Ô∏è Wysokie Ryzyko (2026),42.80636742877903,63.52260843942916,31.333246390945607,51.739999999999995,52.81,43.4302892561991,,28.760330578511002
28.11,"Produkcja silnik√≥w i turbin, z wy≈ÇƒÖczeniem silnik√≥w lotniczych, samochodowych i motocyklowych",üîπ Neutralne,42.698841448316266,50.09030083858974,42.577639394395035,52.629999999999995,53.24961904761949,5596.38942857139,0.001059315542669026,2.357829558416256
47.78,Sprzeda≈º detaliczna pozosta≈Çych nowych wyrob√≥w prowadzona w wyspecjalizowanych sklepach,üîπ Neutralne,42.68305798520513,49.242072713813265,49.199077363999606,50.54,50.56514285714291,6731.938984962355,0.0023940745653137085,1.7041500224413824
01.13,"Uprawa warzyw, w≈ÇƒÖczajƒÖc melony oraz uprawa ro≈õlin korzeniowych i ro≈õlin bulwiastych",‚ö†Ô∏è Wysokie Ryzyko (2026),42.67508447895751,46.011739169273184,47.079116295614334,51.739999999999995,52.081428571428766,1378.2689763330563,,10.295949021355455
46.32,Sprzeda≈º hurtowa miƒôsa i wyrob√≥w z miƒôsa,‚ö†Ô∏è Wysokie Ryzyko (2026),42.67210348073087,45.77777502429793,48.11904764932754,50.54,50.56514285714291,11633.877082706778,0.012386919453488687,3.227401624906861
20.59,"Produkcja pozosta≈Çych wyrob√≥w chemicznych, gdzie indziej niesklasyfikowana",‚ö†Ô∏è Wysokie Ryzyko (2026),42.671933367050016,56.78924054822867,47.265373337143465,52.629999999999995,53.24961904761949,9694.92332330835,0.08249523830777683,3.386665805810196
47.26,Sprzeda≈º detaliczna wyrob√≥w tytoniowych prowadzona w wyspecjalizowanych sklepach,‚ö†Ô∏è Wysokie Ryzyko (2026),42.6682214617474,47.07273225347863,49.05523260638789,50.54,50.55799999999999,1005.5289867994288,,18.023997000374038
11.05,Produkcja piwa,üîπ Neutralne,42.54181968936961,51.50507101093622,52.2978885824018,52.629999999999995,53.24961904761949,13520.820586466172,0.015157950906517836,1.4894494300267525
95.11,Naprawa i konserwacja komputer√≥w i urzƒÖdze≈Ñ peryferyjnych,‚ö†Ô∏è Wysokie Ryzyko (2026),42.2763903183431,30.843796482630243,44.89049672390403,50.0,50.0,937.3574303405476,,4.651887624024084
25.21,Produkcja grzejnik√≥w i kot≈Ç√≥w centralnego ogrzewania,üîπ Neutralne,42.26868571589982,37.33739455925264,43.834797559056504,52.629999999999995,53.24961904761949,5324.753624060191,-0.033419897540014176,2.087125692784838
77.39,"Wynajem i dzier≈ºawa pozosta≈Çych maszyn, urzƒÖdze≈Ñ oraz d√≥br materialnych, gdzie indziej niesklasyfikowane",‚ö†Ô∏è Wysokie Ryzyko (2026),42.26694285253552,56.81829318180056,53.2899924121184,50.0,50.0,2572.0963735882833,,4.108191914497979
24.51,Odlewnictwo ≈ºeliwa,üîπ Neutralne,42.22504682391934,31.761222440284765,45.49981841850646,52.629999999999995,53.24961904761949,3994.7323308270716,-0.010564453227677184,0.9523667364668285
46.61,Sprzeda≈º hurtowa maszyn i urzƒÖdze≈Ñ rolniczych oraz dodatkowego wyposa≈ºenia,üîπ Neutralne,42.2150927191106,34.513153310277175,50.12195645803625,50.54,50.56514285714291,14858.773383458843,0.023002121465671266,1.5846437177350765
46.66,Sprzeda≈º hurtowa pozosta≈Çych maszyn i urzƒÖdze≈Ñ biurowych,üîπ Neutralne,42.14522689957887,50.097959279050464,48.11083561289295,50.54,50.56514285714291,1062.5995789473527,-0.00801292524658026,1.8999842487196474
95.12,Naprawa i konserwacja sprzƒôtu (tele)komunikacyjnego,‚ö†Ô∏è Wysokie Ryzyko (2026),42.142381593649446,43.55858858967319,40.50569676544686,50.0,50.0,1321.4972239422495,,2.9615296410963765
79.11,Dzia≈Çalno≈õƒá agent√≥w i po≈õrednik√≥w turystycznych,‚ö†Ô∏è Wysokie Ryzyko (2026),42.140516443039125,63.867947049530585,51.93188268899752,50.0,50.0,1526.1383533834887,0.4607716311169412,6.295383333863697
46.24,Sprzeda≈º hurtowa sk√≥r,üîπ Neutralne,42.057782396272835,63.20463931919961,49.0722474240048,50.54,50.56514285714291,320.16039849623667,-0.007246102521845543,0.0
47.72,Sprzeda≈º detaliczna obuwia i wyrob√≥w sk√≥rzanych prowadzona w wyspecjalizowanych sklepach,‚ö†Ô∏è Wysokie Ryzyko (2026),42.01570091038585,47.82285652076113,47.00482408391357,50.54,50.56514285714291,12201.192699247971,0.1239408899388652,9.592413154119413
14.31,Produkcja wyrob√≥w po≈Ñczoszniczych,üîπ Neutralne,42.005267484139026,42.654770837622294,42.12235040809597,52.629999999999995,53.24961904761949,681.5039548872137,-0.07450153579380547,0.0
46.38,"Sprzeda≈º hurtowa pozosta≈Çej ≈ºywno≈õci, w≈ÇƒÖczajƒÖc ryby, skorupiaki i miƒôczaki",üîπ Neutralne,41.97303394102561,61.6874585836811,49.9836892756786,50.54,50.56514285714291,15168.835488721728,-0.022937858099727038,1.5958587465044047
29.32,"Produkcja pozosta≈Çych czƒô≈õci i akcesori√≥w do pojazd√≥w silnikowych, z wy≈ÇƒÖczeniem motocykli",üîπ Neutralne,41.97061258813209,33.85293184389583,48.424367501558926,52.629999999999995,53.24961904761949,121560.38630964607,,0.4358822211574207
01.61,Dzia≈Çalno≈õƒá us≈Çugowa wspomagajƒÖca produkcjƒô ro≈õlinnƒÖ,‚ö†Ô∏è Wysokie Ryzyko (2026),41.95082018078745,28.50201445962873,47.90821228986913,51.739999999999995,52.09342857142873,1347.2573458646511,0.10641792974210951,8.60792256696368
47.51,Sprzeda≈º detaliczna wyrob√≥w tekstylnych prowadzona w wyspecjalizowanych sklepach,‚ö†Ô∏è Wysokie Ryzyko (2026),41.91839437550518,66.55710694266729,48.052344564266306,50.54,50.56514285714291,1159.7497391304933,,5.448464578899689
88.91,Opieka dzienna nad dzieƒámi,‚ö†Ô∏è Wysokie Ryzyko (2026),41.713145618157,55.862388963673396,37.95381916801199,50.0,50.0,129.33162162162625,,21.851815535412243
73.11,Dzia≈Çalno≈õƒá agencji reklamowych,‚ö†Ô∏è Wysokie Ryzyko (2026),41.68784164653966,43.9644254146482,47.97802397279511,50.75999999999999,50.86600000000002,18724.48932239972,,5.169817482163694
17.24,Produkcja tapet,üîπ Neutralne,41.51897787634944,57.639938992349194,42.59530128658175,52.629999999999995,53.36230769230795,44.805374787053,,0.0
47.71,Sprzeda≈º detaliczna odzie≈ºy prowadzona w wyspecjalizowanych sklepach,‚ö†Ô∏è Wysokie Ryzyko (2026),41.44123842187143,30.265279300478138,42.37374176024274,50.54,50.56514285714291,41402.596338346135,0.0526278485176892,8.798005959017019
20.15,Produkcja nawoz√≥w i zwiƒÖzk√≥w azotowych,‚ö†Ô∏è Wysokie Ryzyko (2026),41.4227126478112,22.743158713197534,44.59902466709522,52.629999999999995,53.24961904761949,18034.000654135132,0.07806811233069633,3.390918873270209
27.11,"Produkcja elektrycznych silnik√≥w, prƒÖdnic i transformator√≥w",üîπ Neutralne,41.39175539069947,32.887263335758696,47.317976507186984,52.629999999999995,53.24961904761949,12667.576842105365,0.08522100026304358,0.7795462682680778
47.53,"Sprzeda≈º detaliczna dywan√≥w, chodnik√≥w i innych pokryƒá pod≈Çogowych oraz pokryƒá ≈õciennych prowadzona w wyspecjalizowanych sklepach",üîπ Neutralne,41.22274334302849,52.764167826980504,47.73412051871189,50.54,50.56514285714291,1558.8197218044952,0.05258541780235948,0.9553295002211541
33.16,Naprawa i konserwacja statk√≥w powietrznych i statk√≥w kosmicznych,üîπ Neutralne,41.1078838856295,69.66924359594861,43.75296211844072,52.629999999999995,53.24961904761949,1803.2991208790918,,0.0
33.17,Naprawa i konserwacja pozosta≈Çego sprzƒôtu transportowego,‚ö†Ô∏è Wysokie Ryzyko (2026),41.06577147216853,30.859740264048124,46.74802396527824,52.629999999999995,53.24961904761949,2318.5005037593946,0.01528519948841911,3.025608476736295
30.92,Produkcja rower√≥w i w√≥zk√≥w inwalidzkich,‚ö†Ô∏è Wysokie Ryzyko (2026),41.0114438833431,25.064589092595185,45.831097500987106,52.629999999999995,53.24961904761949,2789.1782180451555,0.07360498013854322,3.269852294470354
77.33,"Wynajem i dzier≈ºawa maszyn i urzƒÖdze≈Ñ biurowych, w≈ÇƒÖczajƒÖc komputery",üîπ Neutralne,40.94036880093655,40.47970779083113,51.86892926510137,50.0,50.0,310.0355727336464,,0.0
47.73,Sprzeda≈º detaliczna wyrob√≥w farmaceutycznych prowadzona w wyspecjalizowanych sklepach,üîπ Neutralne,40.82708335743497,60.26541679844952,48.8336859098166,50.54,50.56514285714291,25210.063669173513,0.07040374768681623,1.281440650463054
29.31,Produkcja wyposa≈ºenia elektrycznego i elektronicznego do pojazd√≥w silnikowych,üîπ Neutralne,40.75210900034735,45.39909532776857,47.599862183719836,52.629999999999995,53.24961904761949,15648.517417206662,,1.198209037668164
27.51,Produkcja elektrycznego sprzƒôtu gospodarstwa domowego,üîπ Neutralne,40.734718786865784,36.60976489644612,47.09047104514075,52.629999999999995,53.24961904761949,38718.08840601472,-0.013267226964799761,0.0
71.11,Dzia≈Çalno≈õƒá w zakresie architektury,‚ö†Ô∏è Wysokie Ryzyko (2026),40.7053878994944,50.0384497791459,41.37750932028471,50.75999999999999,50.78885714285727,1137.4377593984827,0.019863664700977557,5.798574345487168
46.16,"Dzia≈Çalno≈õƒá agent√≥w zajmujƒÖcych siƒô sprzeda≈ºƒÖ wyrob√≥w tekstylnych, odzie≈ºy, wyrob√≥w futrzarskich, obuwia i artyku≈Ç√≥w sk√≥rzanych",‚ö†Ô∏è Wysokie Ryzyko (2026),40.66826782134327,32.60662468944322,43.97198630997294,8.337078967995033,50.58432432432431,921.5534070121794,,24.105043440139525
43.39,Wykonywanie pozosta≈Çych rob√≥t budowlanych wyko≈Ñczeniowych,‚ö†Ô∏è Wysokie Ryzyko (2026),40.55566007755739,69.20539988425662,55.74425289322964,78.41,33.44390476190951,3099.0283984962734,0.08969703447263377,10.804048590932325
14.19,Produkcja pozosta≈Çej odzie≈ºy i dodatk√≥w do odzie≈ºy,‚ö†Ô∏è Wysokie Ryzyko (2026),40.426563623188756,23.223506609048794,43.80990252335527,52.629999999999995,53.24961904761949,545.0351374045786,,4.381786325348742
96.04,Dzia≈Çalno≈õƒá us≈Çugowa zwiƒÖzana z poprawƒÖ kondycji fizycznej,‚ö†Ô∏è Wysokie Ryzyko (2026),40.37362980836881,66.34179936458466,37.15831587988027,50.0,50.0,446.1173904512834,,25.575056438366573
46.34,Sprzeda≈º hurtowa napoj√≥w alkoholowych i bezalkoholowych,‚ö†Ô∏è Wysokie Ryzyko (2026),40.20093093723164,32.22805382882686,44.57949792237483,50.54,50.56514285714291,15853.596699248097,0.004502449128268887,4.054644563493753
46.72,Sprzeda≈º hurtowa metali i rud metali,‚ö†Ô∏è Wysokie Ryzyko (2026),39.95122465959292,25.67779703067636,45.25712247620153,50.54,50.56514285714291,29340.898142857244,-0.006609658397801255,2.512081380449672
30.99,"Produkcja pozosta≈Çego sprzƒôtu transportowego, gdzie indziej niesklasyfikowana",‚ö†Ô∏è Wysokie Ryzyko (2026),39.31644699008347,39.70036357166154,41.77742192849143,52.629999999999995,53.32199999999997,266.9968532206949,,5.491024287222672
15.11,"Wyprawa sk√≥r, garbowanie; wyprawa i barwienie sk√≥r futerkowych",üîπ Neutralne,39.21971939530887,55.419748273603695,41.04251913200281,52.629999999999995,52.629999999999995,1383.971858974328,,0.0
77.12,"Wynajem i dzier≈ºawa pozosta≈Çych pojazd√≥w samochodowych, z wy≈ÇƒÖczeniem motocykli",üîπ Neutralne,39.15213580492179,41.87502100456192,51.51178609792122,50.0,50.0,2812.0946323529643,,2.473262032085472
47.59,"Sprzeda≈º detaliczna mebli, sprzƒôtu o≈õwietleniowego i pozosta≈Çych artyku≈Ç√≥w u≈ºytku domowego prowadzona w wyspecjalizowanych sklepach",‚ö†Ô∏è Wysokie Ryzyko (2026),39.14831448690654,40.71254757929588,46.34620445795414,50.54,50.56514285714291,27000.501939849462,0.04483850309177484,6.63209239221419
23.31,Produkcja ceramicznych kafli i p≈Çytek,‚ö†Ô∏è Wysokie Ryzyko (2026),39.07232239141872,20.710417736083865,41.464752004408126,52.629999999999995,53.24961904761949,4878.378172932367,0.06295346881456476,2.5386996904024954
72.11,Badania naukowe i prace rozwojowe w dziedzinie biotechnologii,‚ö†Ô∏è Wysokie Ryzyko (2026),38.95258708886493,40.144716167758496,28.326140272668553,50.75999999999999,50.78885714285727,3256.715004096448,,2.5932232604362184
22.11,Produkcja opon i dƒôtek z gumy; bie≈ºnikowanie i regenerowanie opon z gumy,‚ö†Ô∏è Wysokie Ryzyko (2026),38.94007834638904,24.988585188131395,42.38937829791799,52.629999999999995,53.24961904761949,13906.007255639066,0.011439732126146573,4.183375104427796
46.42,Sprzeda≈º hurtowa odzie≈ºy i obuwia,‚ö†Ô∏è Wysokie Ryzyko (2026),38.87892227042033,56.97186310991841,52.30963570226701,50.54,41.258214936800506,13356.1112781954,0.12457216368895185,5.714313850613621
47.64,Sprzeda≈º detaliczna sprzƒôtu sportowego prowadzona w wyspecjalizowanych sklepach,‚ö†Ô∏è Wysokie Ryzyko (2026),38.26490272079884,40.33580674636607,43.40562435286282,50.54,50.56514285714291,5641.713438849081,,13.875511024734124
82.91,Dzia≈Çalno≈õƒá ≈õwiadczona przez agencje inkasa i biura kredytowe,‚ö†Ô∏è Wysokie Ryzyko (2026),38.23713400940393,55.44844790482113,51.83717783829993,50.0,50.0,2087.9839490884624,,14.145058226697984
93.19,Pozosta≈Ça dzia≈Çalno≈õƒá zwiƒÖzana ze sportem,‚ö†Ô∏è Wysokie Ryzyko (2026),38.02216690826849,27.533295505754328,49.51993759110328,50.0,0.0,896.9514807830419,,9.99197395595229
24.52,Odlewnictwo staliwa,‚ö†Ô∏è Wysokie Ryzyko (2026),37.3635241328483,26.26485739566537,38.820931038913756,52.629999999999995,53.24961904761949,803.7300852757253,,3.2678095071501048
35.14,Handel energiƒÖ elektrycznƒÖ,‚ö†Ô∏è Wysokie Ryzyko (2026),37.274154021661076,24.403668578823716,35.966703966706156,14.952508665254467,51.04209523809531,203041.12547988072,,7.341872518559171
77.11,Wynajem i dzier≈ºawa samochod√≥w osobowych i furgonetek,‚ö†Ô∏è Wysokie Ryzyko (2026),37.23561316549918,39.013344191320954,40.60062923200019,50.0,50.0,10671.108220588183,,12.031072217040673
91.02,Dzia≈Çalno≈õƒá muze√≥w,üîπ Neutralne,37.22634997573966,44.95886361342212,40.60628816404987,50.0,50.0,78.69910447761322,,0.0
93.11,Dzia≈Çalno≈õƒá obiekt√≥w sportowych,‚ö†Ô∏è Wysokie Ryzyko (2026),37.08721769309188,50.13065871664201,27.58355029531717,50.0,50.0,2698.846547922003,,2.983906336010932
64.91,Leasing finansowy,‚ö†Ô∏è Wysokie Ryzyko (2026),37.049236970618516,39.87217449445278,36.76776811539851,56.54,57.357904761905665,13815.299728355836,,3.579253991026235
95.21,Naprawa i konserwacja elektronicznego sprzƒôtu powszechnego u≈ºytku,üîπ Neutralne,36.7179369529512,41.51308785066701,53.137861873606774,50.0,50.0,80.75193984962425,0.15134706674160725,2.4185463659148922
82.11,Dzia≈Çalno≈õƒá us≈Çugowa zwiƒÖzana z administracyjnƒÖ obs≈ÇugƒÖ biura,‚ö†Ô∏è Wysokie Ryzyko (2026),36.59990987220659,56.368785445041105,44.09452535466719,50.0,50.0,3545.66946985462,,9.518080145644717
93.21,Dzia≈Çalno≈õƒá weso≈Çych miasteczek i park√≥w rozrywki,‚ö†Ô∏è Wysokie Ryzyko (2026),36.372781747432526,67.56519251977564,30.86459195348299,50.0,50.0,437.02862351867225,,6.762868955211275
66.12,Dzia≈Çalno≈õƒá maklerska zwiƒÖzana z rynkiem papier√≥w warto≈õciowych i towar√≥w gie≈Çdowych,üîπ Neutralne,35.57100654964482,51.36961402193422,46.79110418841904,18.53154928346217,16.37389653927589,19377.764165413566,-0.022296619971641007,1.144580843353225
35.11,Wytwarzanie energii elektrycznej,‚ö†Ô∏è Wysokie Ryzyko (2026),35.117888598834824,13.482367809707007,37.511870388798776,50.86999999999999,51.04209523809531,83327.85541353468,0.18320919878655317,10.2543213370368
79.12,Dzia≈Çalno≈õƒá organizator√≥w turystyki,‚ö†Ô∏è Wysokie Ryzyko (2026),35.01544292205656,67.33561154263992,63.167963987379736,28.385679542486297,0.0,14074.43843609048,0.3696675142947967,6.919379911523151
68.31,Po≈õrednictwo w obrocie nieruchomo≈õciami,‚ö†Ô∏è Wysokie Ryzyko (2026),34.82758641912971,58.65769254809465,52.89184134433099,50.11,0.11676190476192914,1349.67745112782,0.05176707778046863,20.323947327216047
85.59,"Pozaszkolne formy edukacji, gdzie indziej niesklasyfikowane",‚ö†Ô∏è Wysokie Ryzyko (2026),34.71021801859199,34.1175601750871,37.85397574974459,50.0,0.0,1595.3395187969945,-0.07346267731581335,8.2318342451033
49.42,Dzia≈Çalno≈õƒá us≈Çugowa zwiƒÖzana z przeprowadzkami,‚ö†Ô∏è Wysokie Ryzyko (2026),34.452197771415584,10.093581643067402,24.886793408773947,55.25,56.34495238095318,107.09200000000055,,11.363636363636488
85.53,Pozaszkolne formy edukacji z zakresu nauki jazdy i pilota≈ºu,‚ö†Ô∏è Wysokie Ryzyko (2026),34.33150518974536,27.385799495773117,30.688537405478595,50.0,50.0,72.08048654836875,,11.026442154805636
01.25,Uprawa pozosta≈Çych drzew i krzew√≥w owocowych oraz orzech√≥w,üîπ Neutralne,33.94850782795315,45.5708647401113,29.02993781820291,1.7399999999999998,52.204054054054424,140.50722222222248,,0.0
30.91,Produkcja motocykli,‚ö†Ô∏è Wysokie Ryzyko (2026),33.37488728628696,45.92277082144527,29.174577886825446,36.73151482518483,53.48142857142826,126.20413978494435,,4.569892473117989
47.54,Sprzeda≈º detaliczna elektrycznego sprzƒôtu gospodarstwa domowego prowadzona w wyspecjalizowanych sklepach,üîπ Neutralne,32.526978258111335,18.840880648891318,29.877957462863712,50.54,50.56514285714291,17989.285616541747,0.02802389391271287,0.9095392101902036
93.12,Dzia≈Çalno≈õƒá klub√≥w sportowych,‚ö†Ô∏è Wysokie Ryzyko (2026),32.33987913863613,27.046551706973737,23.577738187431947,0.0,50.0,758.9472250639374,,14.709906461824403
82.19,"Wykonywanie fotokopii, przygotowywanie dokument√≥w i pozosta≈Ça specjalistyczna dzia≈Çalno≈õƒá wspomagajƒÖca prowadzenie biura",‚ö†Ô∏è Wysokie Ryzyko (2026),32.32922266431678,52.19703068626649,60.6318309310793,50.0,0.0,242.49373626373563,,2.5274725274725256
70.21,Stosunki miƒôdzyludzkie (public relations) i komunikacja,‚ö†Ô∏è Wysokie Ryzyko (2026),31.69852197172403,63.09419890603011,51.059832070885534,50.75999999999999,0.7888571428572686,565.0486518324906,,10.403471832668401
47.81,"Sprzeda≈º detaliczna ≈ºywno≈õci, napoj√≥w i wyrob√≥w tytoniowych prowadzona na straganach i targowiskach",üõ°Ô∏è Bezpieczne Przystanie,31.65521994282502,78.9095657707678,71.73796420869706,0.54,0.54,120.43229999999858,,0.0
81.29,Pozosta≈Çe sprzƒÖtanie,‚ö†Ô∏è Wysokie Ryzyko (2026),30.817266372801825,69.16289763065998,57.79816672021221,50.0,0.0,1267.7993082706962,0.08377172842449694,2.9538822744717663
46.51,"Sprzeda≈º hurtowa komputer√≥w, urzƒÖdze≈Ñ peryferyjnych i oprogramowania",‚ö†Ô∏è Wysokie Ryzyko (2026),29.370443729975396,38.16759666770159,44.155663209244786,50.54,18.436803036812776,37281.05297744414,-0.016009307657803618,3.070638032054262
32.12,Produkcja wyrob√≥w jubilerskich i podobnych,‚ö†Ô∏è Wysokie Ryzyko (2026),28.95969044232404,56.813576480371864,50.9189576363424,2.63,3.558000000000029,727.6087705581012,,6.287093871348361
47.89,Sprzeda≈º detaliczna pozosta≈Çych wyrob√≥w prowadzona na straganach i targowiskach,üîπ Neutralne,26.997500941909692,78.07921649904866,63.044505119150074,0.54,0.54,54.412396166135295,,0.0
73.12,Dzia≈Çalno≈õƒá zwiƒÖzana z reprezentowaniem medi√≥w,üîπ Neutralne,25.63624462356592,72.57281291176608,57.36439225634131,50.75999999999999,0.8660000000000218,6447.11717134231,,0.7055092497562185
90.04,Dzia≈Çalno≈õƒá obiekt√≥w kulturalnych,‚ö†Ô∏è Wysokie Ryzyko (2026),24.131138403432452,44.02709741953727,15.384615384615385,0.0,50.0,-51.11929530202906,,7.494407158837134
46.35,Sprzeda≈º hurtowa wyrob√≥w tytoniowych,üîπ Neutralne,23.82147531005301,59.211490815096255,55.33970343850475,20.678503281502135,1.908594932657435,49824.992669173516,0.03997511418632094,0.965180330505433
13.93,Produkcja dywan√≥w i chodnik√≥w,‚ö†Ô∏è Wysokie Ryzyko (2026),22.820847468357126,41.623887205824026,44.918082371050275,52.629999999999995,3.2496190476194897,793.5557057356637,,3.416458852867777
56.29,Pozosta≈Ça us≈Çugowa dzia≈Çalno≈õƒá gastronomiczna,‚ö†Ô∏è Wysokie Ryzyko (2026),20.68332060218336,59.57106096388577,43.341536970724206,1.83,2.2475238095241363,940.804083135401,,6.816652081510483
14.11,Produkcja odzie≈ºy sk√≥rzanej,‚ö†Ô∏è Wysokie Ryzyko (2026),19.94195426979048,19.77555997557635,37.54647315804161,52.629999999999995,3.3219999999999708,52.741013395456775,,8.003993676678988
93.13,Dzia≈Çalno≈õƒá obiekt√≥w s≈Çu≈ºƒÖcych poprawie kondycji fizycznej,‚ö†Ô∏è Wysokie Ryzyko (2026),17.795806345366984,82.01067761394347,43.61113975022658,0.0,0.0,347.94219069904284,,24.626864308173936
47.43,Sprzeda≈º detaliczna sprzƒôtu audiowizualnego prowadzona w wyspecjalizowanych sklepach,‚ö†Ô∏è Wysokie Ryzyko (2026),16.60255489176746,33.71827659182854,37.88212621724218,13.432412815058331,0.5637209302326482,191.4946511627786,,9.626301777464505
